filename,label,source,date
Js_2025050100.png,migratory_high|pacific_high,jma_manual,20250501
Js_2025050200.png,futatsudama_low|pacific_high,jma_manual,20250502
Js_2025050300.png,front_passage,jma_manual,20250503
Js_2025050400.png,japan_sea_low|front_passage,jma_manual,20250504
Js_2025050500.png,migratory_high|stationary_front,jma_manual,20250505
Js_2025050600.png,nankigan_low|front_passage,jma_manual,20250506
Js_2025050700.png,nankigan_low|migratory_high,jma_manual,20250507
Js_2025050800.png,migratory_high,jma_manual,20250508
Js_2025050900.png,migratory_high|front_passage,jma_manual,20250509
Js_2025051000.png,japan_sea_low|front_passage,jma_manual,20250510
Js_2025051100.png,unclassified,jma_manual,20250511
Js_2025051200.png,migratory_high,jma_manual,20250512
Js_2025051300.png,migratory_high,jma_manual,20250513
Js_2025051400.png,migratory_high|okhotsk_high,jma_manual,20250514
Js_2025051500.png,migratory_high|pacific_high,jma_manual,20250515
Js_2025051600.png,pacific_high|stationary_front,jma_manual,20250516
Js_2025051700.png,japan_sea_low|front_passage,jma_manual,20250517
Js_2025051800.png,front_passage|stationary_front,jma_manual,20250518
Js_2025051900.png,stationary_front,jma_manual,20250519
Js_2025052000.png,japan_sea_low|front_passage|stationary_front,jma_manual,20250520
Js_2025052100.png,stationary_front,jma_manual,20250521
Js_2025052200.png,nankigan_low|front_passage|stationary_front,jma_manual,20250522
Js_2025052300.png,nankigan_low|migratory_high|stationary_front,jma_manual,20250523
Js_2025052400.png,nankigan_low|migratory_high|front_passage,jma_manual,20250524
Js_2025052500.png,futatsudama_low,jma_manual,20250525
Js_2025052600.png,migratory_high,jma_manual,20250526
Js_2025052700.png,migratory_high,jma_manual,20250527
Js_2025052800.png,migratory_high,jma_manual,20250528
Js_2025052900.png,nankigan_low|migratory_high|stationary_front,jma_manual,20250529
Js_2025053000.png,nankigan_low|migratory_high|okhotsk_high,jma_manual,20250530
Js_2025053100.png,nankigan_low|okhotsk_high,jma_manual,20250531
Js_2025060100.png,nankigan_low|migratory_high|okhotsk_high,jma_manual,20250601
Js_2025060200.png,migratory_high|front_passage,jma_manual,20250602
Js_2025060300.png,nankigan_low|front_passage,jma_manual,20250603
Js_2025060400.png,nankigan_low|futatsudama_low,jma_manual,20250604
Js_2025060500.png,migratory_high,jma_manual,20250605
Js_2025060600.png,pacific_high|stationary_front,jma_manual,20250606
Js_2025060700.png,pacific_high|stationary_front,jma_manual,20250607
Js_2025060800.png,stationary_front,jma_manual,20250608
Js_2025060900.png,migratory_high|stationary_front,jma_manual,20250609
Js_2025061000.png,stationary_front|okhotsk_high,jma_manual,20250610
Js_2025061100.png,japan_sea_low|stationary_front,jma_manual,20250611
Js_2025061200.png,migratory_high|stationary_front|okhotsk_high,jma_manual,20250612
Js_2025061300.png,migratory_high|stationary_front,jma_manual,20250613
Js_2025061400.png,japan_sea_low|migratory_high|front_passage,jma_manual,20250614
Js_2025061500.png,japan_sea_low|front_passage,jma_manual,20250615
Js_2025061600.png,japan_sea_low|front_passage|stationary_front,jma_manual,20250616
Js_2025061700.png,japan_sea_low|pacific_high,jma_manual,20250617
Js_2025061800.png,pacific_high,jma_manual,20250618
Js_2025061900.png,migratory_high|pacific_high,jma_manual,20250619
Js_2025062000.png,migratory_high|pacific_high,jma_manual,20250620
Js_2025062100.png,japan_sea_low|pacific_high|stationary_front,jma_manual,20250621
Js_2025062200.png,stationary_front,jma_manual,20250622
Js_2025062300.png,stationary_front,jma_manual,20250623
Js_2025062400.png,typhoon|stationary_front,jma_manual,20250624
Js_2025062500.png,japan_sea_low|front_passage,jma_manual,20250625
Js_2025062600.png,japan_sea_low|front_passage,jma_manual,20250626
Js_2025062700.png,migratory_high|stationary_front,jma_manual,20250627
Js_2025062800.png,migratory_high,jma_manual,20250628
Js_2025062900.png,migratory_high,jma_manual,20250629
Js_2025063000.png,migratory_high,jma_manual,20250630
Js_2025070100.png,migratory_high,jma_manual,20250701
Js_2025070200.png,migratory_high|okhotsk_high,jma_manual,20250702
Js_2025070300.png,typhoon|migratory_high|pacific_high,jma_manual,20250703
Js_2025070400.png,typhoon|migratory_high|pacific_high,jma_manual,20250704
Js_2025070500.png,typhoon|migratory_high|pacific_high,jma_manual,20250705
Js_2025070600.png,typhoon,jma_manual,20250706
Js_2025070700.png,typhoon,jma_manual,20250707
Js_2025070800.png,migratory_high|stationary_front,jma_manual,20250708
Js_2025070900.png,stationary_front,jma_manual,20250709
Js_2025071000.png,stationary_front|okhotsk_high,jma_manual,20250710
Js_2025071100.png,stationary_front|okhotsk_high,jma_manual,20250711
Js_2025071200.png,migratory_high,jma_manual,20250712
Js_2025071300.png,typhoon,jma_manual,20250713
Js_2025071400.png,japan_sea_low|typhoon,jma_manual,20250714
Js_2025071500.png,japan_sea_low|stationary_front,jma_manual,20250715
Js_2025071600.png,japan_sea_low|stationary_front|okhotsk_high,jma_manual,20250716
Js_2025071700.png,pacific_high,jma_manual,20250717
Js_2025071800.png,pacific_high|stationary_front,jma_manual,20250718
Js_2025071900.png,pacific_high|stationary_front,jma_manual,20250719
Js_2025072000.png,pacific_high,jma_manual,20250720
Js_2025072100.png,pacific_high,jma_manual,20250721
Js_2025072200.png,pacific_high,jma_manual,20250722
Js_2025072300.png,migratory_high|pacific_high,jma_manual,20250723
Js_2025072400.png,typhoon|migratory_high|pacific_high,jma_manual,20250724
Js_2025072500.png,typhoon|migratory_high|pacific_high,jma_manual,20250725
Js_2025072600.png,migratory_high|pacific_high,jma_manual,20250726
Js_2025072700.png,migratory_high|pacific_high,jma_manual,20250727
Js_2025072800.png,typhoon,jma_manual,20250728
Js_2025072900.png,japan_sea_low|typhoon,jma_manual,20250729
Js_2025073000.png,typhoon,jma_manual,20250730
Js_2025073100.png,typhoon,jma_manual,20250731
Js_2025080100.png,typhoon,jma_manual,20250801
Js_2025080200.png,typhoon|migratory_high,jma_manual,20250802
Js_2025080300.png,typhoon|migratory_high,jma_manual,20250803
Js_2025080400.png,japan_sea_low|typhoon|okhotsk_high,jma_manual,20250804
Js_2025080500.png,japan_sea_low|front_passage,jma_manual,20250805
Js_2025080600.png,japan_sea_low|pacific_high|stationary_front,jma_manual,20250806
Js_2025080700.png,japan_sea_low|front_passage,jma_manual,20250807
Js_2025080800.png,stationary_front,jma_manual,20250808
Js_2025080900.png,stationary_front,jma_manual,20250809
Js_2025081000.png,stationary_front,jma_manual,20250810
Js_2025081100.png,stationary_front,jma_manual,20250811
Js_2025081200.png,japan_sea_low|stationary_front|okhotsk_high,jma_manual,20250812
Js_2025081300.png,migratory_high|pacific_high|stationary_front|okhotsk_high,jma_manual,20250813
Js_2025081400.png,japan_sea_low|migratory_high|okhotsk_high,jma_manual,20250814
Js_2025081500.png,migratory_high,jma_manual,20250815
Js_2025081600.png,unclassified,jma_manual,20250816
Js_2025081700.png,pacific_high|front_passage,jma_manual,20250817
Js_2025081800.png,migratory_high|pacific_high,jma_manual,20250818
Js_2025081900.png,japan_sea_low|pacific_high|front_passage,jma_manual,20250819
Js_2025082000.png,pacific_high|stationary_front,jma_manual,20250820
Js_2025082100.png,typhoon|front_passage,jma_manual,20250821
Js_2025082200.png,migratory_high|pacific_high,jma_manual,20250822
Js_2025082300.png,japan_sea_low|pacific_high|front_passage,jma_manual,20250823
Js_2025082400.png,pacific_high|front_passage|stationary_front|okhotsk_high,jma_manual,20250824
Js_2025082500.png,pacific_high|okhotsk_high,jma_manual,20250825
Js_2025082600.png,japan_sea_low|pacific_high|front_passage|okhotsk_high,jma_manual,20250826
Js_2025082700.png,japan_sea_low|pacific_high|front_passage,jma_manual,20250827
Js_2025082800.png,migratory_high|pacific_high,jma_manual,20250828
Js_2025082900.png,japan_sea_low|pacific_high|front_passage,jma_manual,20250829
Js_2025083000.png,pacific_high|front_passage|stationary_front,jma_manual,20250830
Js_2025083100.png,pacific_high|stationary_front|okhotsk_high,jma_manual,20250831
Js_2025090100.png,japan_sea_low|pacific_high,jma_manual,20250901
Js_2025090200.png,japan_sea_low|front_passage,jma_manual,20250902
Js_2025090300.png,front_passage,jma_manual,20250903
Js_2025090400.png,typhoon|okhotsk_high,jma_manual,20250904
Js_2025090500.png,typhoon,jma_manual,20250905
Js_2025090600.png,unclassified,jma_manual,20250906
Js_2025090700.png,japan_sea_low|pacific_high,jma_manual,20250907
Js_2025090800.png,stationary_front,jma_manual,20250908
Js_2025090900.png,stationary_front,jma_manual,20250909
Js_2025091000.png,stationary_front,jma_manual,20250910
Js_2025091100.png,stationary_front|okhotsk_high,jma_manual,20250911
Js_2025091200.png,stationary_front|okhotsk_high,jma_manual,20250912
Js_2025091300.png,japan_sea_low,jma_manual,20250913
Js_2025091400.png,stationary_front,jma_manual,20250914
Js_2025091500.png,stationary_front,jma_manual,20250915
Js_2025091600.png,migratory_high,jma_manual,20250916
Js_2025091700.png,front_passage,jma_manual,20250917
Js_2025091800.png,stationary_front,jma_manual,20250918
Js_2025091900.png,migratory_high,jma_manual,20250919
Js_2025092000.png,japan_sea_low,jma_manual,20250920
Js_2025092100.png,front_passage,jma_manual,20250921
Js_2025092200.png,migratory_high,jma_manual,20250922
Js_2025092300.png,migratory_high,jma_manual,20250923
Js_2025092400.png,migratory_high|okhotsk_high,jma_manual,20250924
Js_2025092500.png,japan_sea_low|migratory_high,jma_manual,20250925
Js_2025092600.png,stationary_front,jma_manual,20250926
Js_2025092700.png,stationary_front,jma_manual,20250927
Js_2025092800.png,japan_sea_low|migratory_high,jma_manual,20250928
Js_2025092900.png,front_passage,jma_manual,20250929
Js_2025093000.png,migratory_high,jma_manual,20250930
Js_2025100100.png,stationary_front,jma_manual,20251001
Js_2025100200.png,migratory_high,jma_manual,20251002
Js_2025100300.png,migratory_high,jma_manual,20251003
Js_2025100400.png,japan_sea_low|migratory_high,jma_manual,20251004
Js_2025100500.png,front_passage,jma_manual,20251005
Js_2025100600.png,migratory_high,jma_manual,20251006
Js_2025100700.png,typhoon,jma_manual,20251007
Js_2025100800.png,typhoon,jma_manual,20251008
Js_2025100900.png,typhoon,jma_manual,20251009
Js_2025101000.png,migratory_high,jma_manual,20251010
Js_2025101100.png,migratory_high,jma_manual,20251011
Js_2025101200.png,typhoon,jma_manual,20251012
Js_2025101300.png,typhoon,jma_manual,20251013
Js_2025101400.png,japan_sea_low|typhoon|migratory_high,jma_manual,20251014
Js_2025101500.png,stationary_front,jma_manual,20251015
Js_2025101600.png,stationary_front,jma_manual,20251016
Js_2025101700.png,unclassified,jma_manual,20251017
Js_2025101800.png,japan_sea_low,jma_manual,20251018
Js_2025101900.png,stationary_front,jma_manual,20251019
Js_2025102000.png,stationary_front,jma_manual,20251020
Js_2025102100.png,stationary_front,jma_manual,20251021
Js_2025102200.png,stationary_front,jma_manual,20251022
Js_2025102300.png,stationary_front,jma_manual,20251023
Js_2025102400.png,stationary_front,jma_manual,20251024
Js_2025102500.png,stationary_front,jma_manual,20251025
Js_2025102600.png,stationary_front,jma_manual,20251026
Js_2025102700.png,winter_pressure_pattern,jma_manual,20251027
Js_2025102800.png,winter_pressure_pattern,jma_manual,20251028
Js_2025102900.png,migratory_high,jma_manual,20251029
Js_2025103000.png,migratory_high,jma_manual,20251030
Js_2025103100.png,nankigan_low|front_passage,jma_manual,20251031
Js_2025110100.png,winter_pressure_pattern|nankigan_low,jma_manual,20251101
Js_2025110200.png,japan_sea_low,jma_manual,20251102
Js_2025110300.png,migratory_high,jma_manual,20251103
Js_2025110400.png,migratory_high,jma_manual,20251104
Js_2025110500.png,migratory_high,jma_manual,20251105
Js_2025110600.png,unclassified,jma_manual,20251106
Js_2025110700.png,winter_pressure_pattern,jma_manual,20251107
Js_2025110800.png,migratory_high,jma_manual,20251108
Js_2025110900.png,japan_sea_low,jma_manual,20251109
Js_2025111000.png,winter_pressure_pattern,jma_manual,20251110
Js_2025111100.png,winter_pressure_pattern,jma_manual,20251111
Js_2025111200.png,migratory_high,jma_manual,20251112
Js_2025111300.png,japan_sea_low,jma_manual,20251113
Js_2025111400.png,winter_pressure_pattern,jma_manual,20251114
Js_2025111500.png,migratory_high,jma_manual,20251115
Js_2025111600.png,japan_sea_low|migratory_high,jma_manual,20251116
Js_2025111700.png,winter_pressure_pattern,jma_manual,20251117
Js_2025111800.png,winter_pressure_pattern,jma_manual,20251118
Js_2025111900.png,winter_pressure_pattern,jma_manual,20251119
Js_2025112000.png,winter_pressure_pattern,jma_manual,20251120
Js_2025112100.png,front_passage,jma_manual,20251121
Js_2025112200.png,winter_pressure_pattern,jma_manual,20251122
Js_2025112300.png,migratory_high,jma_manual,20251123
Js_2025112400.png,migratory_high,jma_manual,20251124
Js_2025112500.png,futatsudama_low,jma_manual,20251125
Js_2025112600.png,migratory_high,jma_manual,20251126
Js_2025112700.png,japan_sea_low|migratory_high|front_passage,jma_manual,20251127
Js_2025112800.png,futatsudama_low,jma_manual,20251128
Js_2025112900.png,migratory_high,jma_manual,20251129
Js_2025113000.png,japan_sea_low|migratory_high,jma_manual,20251130
Js_2025120100.png,japan_sea_low,jma_manual,20251201
Js_2025120200.png,japan_sea_low|futatsudama_low,jma_manual,20251202
Js_2025120300.png,nankigan_low,jma_manual,20251203
Js_2025120400.png,winter_pressure_pattern,jma_manual,20251204
Js_2025120500.png,winter_pressure_pattern,jma_manual,20251205
Js_2025120600.png,migratory_high,jma_manual,20251206
Js_2025120700.png,migratory_high,jma_manual,20251207
Js_2025120800.png,japan_sea_low|front_passage,jma_manual,20251208
Js_2025120900.png,winter_pressure_pattern,jma_manual,20251209
Js_2025121000.png,migratory_high,jma_manual,20251210
Js_2025121100.png,japan_sea_low|migratory_high,jma_manual,20251211
Js_2025121200.png,winter_pressure_pattern,jma_manual,20251212
Js_2025121300.png,migratory_high,jma_manual,20251213
Js_2025121400.png,futatsudama_low,jma_manual,20251214
Js_2025121500.png,winter_pressure_pattern,jma_manual,20251215
Js_2025121600.png,winter_pressure_pattern,jma_manual,20251216
Js_2025121700.png,winter_pressure_pattern,jma_manual,20251217
Js_2025121800.png,winter_pressure_pattern,jma_manual,20251218
Js_2025121900.png,migratory_high,jma_manual,20251219
Js_2025122000.png,japan_sea_low|stationary_front,jma_manual,20251220
Js_2025122100.png,front_passage,jma_manual,20251221
Js_2025122200.png,migratory_high,jma_manual,20251222
Js_2025122300.png,migratory_high,jma_manual,20251223
Js_2025122400.png,japan_sea_low,jma_manual,20251224
Js_2025122500.png,nankigan_low,jma_manual,20251225
Js_2025122600.png,winter_pressure_pattern,jma_manual,20251226
Js_2025122700.png,migratory_high,jma_manual,20251227
Js_2025122800.png,migratory_high,jma_manual,20251228
Js_2025122900.png,migratory_high,jma_manual,20251229
Js_2025123000.png,unclassified,jma_manual,20251230
Js_2025123100.png,winter_pressure_pattern,jma_manual,20251231
Js_2026010100.png,winter_pressure_pattern,jma_manual,20260101
Js_2026010200.png,winter_pressure_pattern,jma_manual,20260102
Js_2026010300.png,winter_pressure_pattern,jma_manual,20260103
Js_2026010400.png,winter_pressure_pattern,jma_manual,20260104
Js_2026010500.png,winter_pressure_pattern,jma_manual,20260105
Js_2026010600.png,winter_pressure_pattern,jma_manual,20260106
Js_2026010700.png,japan_sea_low|futatsudama_low,jma_manual,20260107
Js_2026010800.png,front_passage,jma_manual,20260108
Js_2026010900.png,winter_pressure_pattern,jma_manual,20260109
Js_2026011000.png,japan_sea_low,jma_manual,20260110
Js_2026011100.png,winter_pressure_pattern,jma_manual,20260111
Js_2026011200.png,winter_pressure_pattern,jma_manual,20260112
Js_2026011300.png,japan_sea_low,jma_manual,20260113
Js_2026011400.png,winter_pressure_pattern,jma_manual,20260114
Js_2026011500.png,winter_pressure_pattern|japan_sea_low,jma_manual,20260115
Js_2026011600.png,winter_pressure_pattern,jma_manual,20260116
Js_2026011700.png,japan_sea_low,jma_manual,20260117
Js_2026011800.png,japan_sea_low,jma_manual,20260118
Js_2026011900.png,japan_sea_low,jma_manual,20260119
Js_2026012000.png,winter_pressure_pattern|japan_sea_low,jma_manual,20260120
Js_2026012100.png,winter_pressure_pattern,jma_manual,20260121
Js_2026012200.png,winter_pressure_pattern,jma_manual,20260122
Js_2026012300.png,winter_pressure_pattern,jma_manual,20260123
Js_2026012400.png,winter_pressure_pattern,jma_manual,20260124
Js_2026012500.png,winter_pressure_pattern,jma_manual,20260125
Js_2026012600.png,winter_pressure_pattern,jma_manual,20260126
Js_2026012700.png,japan_sea_low|futatsudama_low,jma_manual,20260127
Js_2026012800.png,japan_sea_low|futatsudama_low,jma_manual,20260128
Js_2026012900.png,japan_sea_low,jma_manual,20260129
Js_2026013000.png,japan_sea_low,jma_manual,20260130
Js_2026013100.png,winter_pressure_pattern,jma_manual,20260131
Js_2026020100.png,winter_pressure_pattern,jma_manual,20260201
Js_2026020200.png,unclassified,jma_manual,20260202
Js_2026020300.png,migratory_high,jma_manual,20260203
Js_2026020400.png,migratory_high,jma_manual,20260204
Js_2026020500.png,stationary_front,jma_manual,20260205
Js_2026020600.png,front_passage,jma_manual,20260206
Js_2026020700.png,winter_pressure_pattern,jma_manual,20260207
Js_2026020800.png,japan_sea_low,jma_manual,20260208
Js_2026020900.png,winter_pressure_pattern,jma_manual,20260209
Js_2026021000.png,migratory_high,jma_manual,20260210
Js_2026021100.png,winter_pressure_pattern|nankigan_low,jma_manual,20260211
Js_2026021200.png,winter_pressure_pattern,jma_manual,20260212
Js_2026021300.png,migratory_high,jma_manual,20260213
Js_2026021400.png,migratory_high,jma_manual,20260214
Js_2026021500.png,japan_sea_low,jma_manual,20260215
Js_2026021600.png,winter_pressure_pattern,jma_manual,20260216
Js_2026021700.png,migratory_high,jma_manual,20260217
Js_2026021800.png,japan_sea_low,jma_manual,20260218
Js_2026021900.png,winter_pressure_pattern,jma_manual,20260219
Js_2026022000.png,migratory_high,jma_manual,20260220
Js_2026022100.png,migratory_high,jma_manual,20260221
Js_2026022200.png,japan_sea_low,jma_manual,20260222
Js_2026022300.png,front_passage,jma_manual,20260223
Js_2026022400.png,stationary_front,jma_manual,20260224
Js_2026022500.png,nankigan_low,jma_manual,20260225
Js_2026022600.png,nankigan_low,jma_manual,20260226
Js_2026022700.png,nankigan_low,jma_manual,20260227
Js_2026022800.png,nankigan_low,jma_manual,20260228
Js_2026030100.png,winter_pressure_pattern,jma_manual,20260301
Js_2026030200.png,winter_pressure_pattern,jma_manual,20260302
Js_2026030300.png,nankigan_low,jma_manual,20260303
Js_2026030400.png,nankigan_low|futatsudama_low,jma_manual,20260304
Js_2026030500.png,nankigan_low,jma_manual,20260305
Js_2026030600.png,japan_sea_low,jma_manual,20260306
Js_2026030700.png,futatsudama_low,jma_manual,20260307
Js_2026030800.png,winter_pressure_pattern,jma_manual,20260308
Js_2026030900.png,winter_pressure_pattern,jma_manual,20260309
Js_2026031000.png,nankigan_low,jma_manual,20260310
Js_2026031100.png,migratory_high,jma_manual,20260311
Js_2026031200.png,winter_pressure_pattern,jma_manual,20260312
Js_2026031300.png,migratory_high,jma_manual,20260313
Js_2026031400.png,migratory_high,jma_manual,20260314
Js_2026031500.png,unclassified,jma_manual,20260315
Js_2026031600.png,migratory_high,jma_manual,20260316
Js_2026031700.png,migratory_high,jma_manual,20260317
Js_2026031800.png,nankigan_low|migratory_high,jma_manual,20260318
Js_2026031900.png,nankigan_low|futatsudama_low,jma_manual,20260319
Js_2026032000.png,japan_sea_low|futatsudama_low,jma_manual,20260320
Js_2026032100.png,migratory_high,jma_manual,20260321
Js_2026032200.png,migratory_high,jma_manual,20260322
Js_2026032300.png,nankigan_low,jma_manual,20260323
Js_2026032400.png,migratory_high,jma_manual,20260324
Js_2026032500.png,nankigan_low|migratory_high,jma_manual,20260325
Js_2026032600.png,nankigan_low|migratory_high,jma_manual,20260326
Js_2026032700.png,migratory_high,jma_manual,20260327
Js_2026032800.png,unclassified,jma_manual,20260328
Js_2026032900.png,migratory_high,jma_manual,20260329
Js_2026033000.png,migratory_high,jma_manual,20260330
Js_2026033100.png,japan_sea_low,jma_manual,20260331
Js_2026040100.png,migratory_high,jma_manual,20260401
Js_2026040112.png,nankigan_low|migratory_high,jma_manual,20260401
Js_2026040200.png,nankigan_low,jma_manual,20260402
Js_2026040212.png,winter_pressure_pattern,jma_manual,20260402
Js_2026040300.png,migratory_high,jma_manual,20260403
Js_2026040312.png,migratory_high,jma_manual,20260403
Js_2026040400.png,japan_sea_low,jma_manual,20260404
Js_2026040500.png,front_passage,jma_manual,20260405
Js_2026040600.png,japan_sea_low|okhotsk_high,jma_manual,20260406
Js_2026040700.png,futatsudama_low,jma_manual,20260407
Js_2026040800.png,migratory_high,jma_manual,20260408
Js_2026040900.png,migratory_high,jma_manual,20260409
Js_2026041000.png,japan_sea_low|okhotsk_high,jma_manual,20260410
Js_2026041100.png,winter_pressure_pattern|japan_sea_low,jma_manual,20260411
Js_2026041200.png,migratory_high,jma_manual,20260412
Js_2026041300.png,stationary_front,jma_manual,20260413
Js_2026041400.png,stationary_front,jma_manual,20260414
Js_2026041500.png,nankigan_low,jma_manual,20260415
Js_2026041600.png,nankigan_low|migratory_high|okhotsk_high,jma_manual,20260416
Js_2026041700.png,migratory_high,jma_manual,20260417
Js_2026041800.png,unclassified,jma_manual,20260418
Js_2026041900.png,migratory_high,jma_manual,20260419
Js_2026042000.png,japan_sea_low|okhotsk_high,jma_manual,20260420
Js_2026042100.png,front_passage,jma_manual,20260421
Js_2026042200.png,pacific_high,jma_manual,20260422
Js_2026042300.png,nankigan_low,jma_manual,20260423
Js_2026042400.png,nankigan_low,jma_manual,20260424
Js_2026042500.png,migratory_high,jma_manual,20260425
Js_2026042600.png,migratory_high,jma_manual,20260426
Js_2026042700.png,nankigan_low,jma_manual,20260427
Js_2026042800.png,unclassified,jma_manual,20260428
Js_2026042900.png,front_passage,jma_manual,20260429
Js_2026043000.png,migratory_high,jma_manual,20260430
Js_2025030112.png,stationary_front,jma_manual,20250301
Js_2025030212.png,stationary_front,jma_manual,20250302
Js_2025030312.png,stationary_front,jma_manual,20250303
Js_2025030412.png,nankigan_low,jma_manual,20250304
Js_2025030512.png,nankigan_low,jma_manual,20250305
Js_2025030612.png,migratory_high,jma_manual,20250306
Js_2025030712.png,migratory_high,jma_manual,20250307
Js_2025030812.png,migratory_high,jma_manual,20250308
Js_2025030912.png,migratory_high,jma_manual,20250309
Js_2025031012.png,migratory_high,jma_manual,20250310
Js_2025031112.png,migratory_high,jma_manual,20250311
Js_2025031212.png,stationary_front,jma_manual,20250312
Js_2025031312.png,stationary_front,jma_manual,20250313
Js_2025031412.png,migratory_high,jma_manual,20250314
Js_2025031512.png,migratory_high,jma_manual,20250315
Js_2025031612.png,nankigan_low|futatsudama_low,jma_manual,20250316
Js_2025031712.png,unclassified,jma_manual,20250317
Js_2025031812.png,futatsudama_low,jma_manual,20250318
Js_2025031912.png,migratory_high,jma_manual,20250319
Js_2025032012.png,pacific_high,jma_manual,20250320
Js_2025032112.png,pacific_high,jma_manual,20250321
Js_2025032212.png,front_passage,jma_manual,20250322
Js_2025032312.png,migratory_high,jma_manual,20250323
Js_2025032412.png,front_passage,jma_manual,20250324
Js_2025032512.png,japan_sea_low,jma_manual,20250325
Js_2025032612.png,migratory_high,jma_manual,20250326
Js_2025032712.png,japan_sea_low,jma_manual,20250327
Js_2025032812.png,unclassified,jma_manual,20250328
Js_2025032912.png,migratory_high,jma_manual,20250329
Js_2025033012.png,migratory_high,jma_manual,20250330
Js_2025033112.png,migratory_high,jma_manual,20250331
Js_2025040112.png,migratory_high|okhotsk_high,jma_manual,20250401
Js_2025040212.png,unclassified,jma_manual,20250402
Js_2025040312.png,migratory_high,jma_manual,20250403
Js_2025040412.png,migratory_high,jma_manual,20250404
Js_2025040512.png,migratory_high,jma_manual,20250405
Js_2025040612.png,japan_sea_low,jma_manual,20250406
Js_2025040712.png,migratory_high,jma_manual,20250407
Js_2025040812.png,futatsudama_low,jma_manual,20250408
Js_2025040912.png,pacific_high,jma_manual,20250409
Js_2025041012.png,pacific_high,jma_manual,20250410
Js_2025041112.png,migratory_high,jma_manual,20250411
Js_2025041212.png,nankigan_low|okhotsk_high,jma_manual,20250412
Js_2025041312.png,nankigan_low|okhotsk_high,jma_manual,20250413
Js_2025041412.png,japan_sea_low,jma_manual,20250414
Js_2025041512.png,pacific_high,jma_manual,20250415
Js_2025041612.png,pacific_high,jma_manual,20250416
Js_2025041712.png,pacific_high,jma_manual,20250417
Js_2025041812.png,japan_sea_low,jma_manual,20250418
Js_2025041912.png,japan_sea_low,jma_manual,20250419
Js_2025042012.png,front_passage,jma_manual,20250420
Js_2025042112.png,migratory_high|okhotsk_high,jma_manual,20250421
Js_2025042212.png,japan_sea_low|stationary_front,jma_manual,20250422
Js_2025042312.png,nankigan_low,jma_manual,20250423
Js_2025042412.png,japan_sea_low|okhotsk_high,jma_manual,20250424
Js_2025042512.png,pacific_high,jma_manual,20250425
Js_2025042612.png,pacific_high,jma_manual,20250426
Js_2025042712.png,pacific_high,jma_manual,20250427
Js_2025042812.png,nankigan_low|okhotsk_high,jma_manual,20250428
Js_2025042912.png,migratory_high,jma_manual,20250429
Js_2025043012.png,migratory_high,jma_manual,20250430
Js_2025070112.png,pacific_high|okhotsk_high,jma_manual,20250701
Js_2025070212.png,pacific_high,jma_manual,20250702
Js_2025070312.png,typhoon|pacific_high,jma_manual,20250703
Js_2025070412.png,typhoon|pacific_high,jma_manual,20250704
Js_2025070512.png,typhoon|pacific_high,jma_manual,20250705
Js_2025070612.png,typhoon,jma_manual,20250706
Js_2025070712.png,typhoon|migratory_high,jma_manual,20250707
Js_2025070812.png,stationary_front,jma_manual,20250708
Js_2025070912.png,stationary_front|okhotsk_high,jma_manual,20250709
Js_2025071012.png,stationary_front|okhotsk_high,jma_manual,20250710
Js_2025071112.png,stationary_front|okhotsk_high,jma_manual,20250711
Js_2025071212.png,migratory_high,jma_manual,20250712
Js_2025071312.png,japan_sea_low|typhoon,jma_manual,20250713
Js_2025071412.png,japan_sea_low|typhoon|stationary_front,jma_manual,20250714
Js_2025071512.png,japan_sea_low|pacific_high|stationary_front,jma_manual,20250715
Js_2025071612.png,pacific_high,jma_manual,20250716
Js_2025071712.png,pacific_high|stationary_front,jma_manual,20250717
Js_2025071812.png,pacific_high|stationary_front,jma_manual,20250718
Js_2025071912.png,pacific_high|stationary_front,jma_manual,20250719
Js_2025072012.png,pacific_high,jma_manual,20250720
Js_2025072112.png,pacific_high,jma_manual,20250721
Js_2025072212.png,migratory_high|pacific_high,jma_manual,20250722
Js_2025072312.png,typhoon|migratory_high|pacific_high,jma_manual,20250723
Js_2025072412.png,typhoon|migratory_high|pacific_high,jma_manual,20250724
Js_2025072512.png,typhoon|migratory_high|pacific_high,jma_manual,20250725
Js_2025072612.png,migratory_high|pacific_high,jma_manual,20250726
Js_2025072712.png,typhoon,jma_manual,20250727
Js_2025072812.png,japan_sea_low|typhoon,jma_manual,20250728
Js_2025072912.png,typhoon,jma_manual,20250729
Js_2025073012.png,typhoon,jma_manual,20250730
Js_2025073112.png,typhoon,jma_manual,20250731
Js_2025080112.png,typhoon,jma_manual,20250801
Js_2025080212.png,typhoon,jma_manual,20250802
Js_2025080312.png,typhoon|okhotsk_high,jma_manual,20250803
Js_2025080412.png,japan_sea_low|front_passage,jma_manual,20250804
Js_2025080512.png,pacific_high|stationary_front,jma_manual,20250805
Js_2025080612.png,japan_sea_low|pacific_high|front_passage,jma_manual,20250806
Js_2025080712.png,front_passage|stationary_front,jma_manual,20250807
Js_2025080812.png,stationary_front,jma_manual,20250808
Js_2025080912.png,stationary_front,jma_manual,20250809
Js_2025081012.png,stationary_front,jma_manual,20250810
Js_2025081112.png,stationary_front,jma_manual,20250811
Js_2025081212.png,migratory_high|stationary_front|okhotsk_high,jma_manual,20250812
Js_2025081312.png,japan_sea_low|migratory_high|okhotsk_high,jma_manual,20250813
Js_2025081412.png,japan_sea_low|migratory_high,jma_manual,20250814
Js_2025081512.png,migratory_high,jma_manual,20250815
Js_2025081612.png,pacific_high,jma_manual,20250816
Js_2025081712.png,pacific_high|front_passage,jma_manual,20250817
Js_2025081812.png,japan_sea_low|migratory_high|pacific_high|stationary_front,jma_manual,20250818
Js_2025081912.png,pacific_high|front_passage,jma_manual,20250819
Js_2025082012.png,typhoon|pacific_high|stationary_front,jma_manual,20250820
Js_2025082112.png,migratory_high|pacific_high,jma_manual,20250821
Js_2025082212.png,pacific_high|stationary_front|okhotsk_high,jma_manual,20250822
Js_2025082312.png,pacific_high|front_passage,jma_manual,20250823
Js_2025082412.png,pacific_high|okhotsk_high,jma_manual,20250824
Js_2025082512.png,japan_sea_low|pacific_high|stationary_front|okhotsk_high,jma_manual,20250825
Js_2025082612.png,japan_sea_low|pacific_high|front_passage,jma_manual,20250826
Js_2025082712.png,pacific_high|front_passage,jma_manual,20250827
Js_2025082812.png,migratory_high|pacific_high,jma_manual,20250828
Js_2025082912.png,japan_sea_low|pacific_high|front_passage,jma_manual,20250829
Js_2025083012.png,pacific_high|front_passage|stationary_front|okhotsk_high,jma_manual,20250830
Js_2025083112.png,migratory_high|stationary_front|okhotsk_high,jma_manual,20250831
Js_2025090112.png,japan_sea_low,jma_manual,20250901
Js_2025090212.png,japan_sea_low,jma_manual,20250902
Js_2025090312.png,stationary_front,jma_manual,20250903
Js_2025090412.png,typhoon,jma_manual,20250904
Js_2025090512.png,typhoon,jma_manual,20250905
Js_2025090612.png,japan_sea_low|migratory_high,jma_manual,20250906
Js_2025090712.png,front_passage,jma_manual,20250907
Js_2025090812.png,stationary_front,jma_manual,20250908
Js_2025090912.png,stationary_front,jma_manual,20250909
Js_2025091012.png,stationary_front|okhotsk_high,jma_manual,20250910
Js_2025091112.png,stationary_front|okhotsk_high,jma_manual,20250911
Js_2025091212.png,stationary_front|okhotsk_high,jma_manual,20250912
Js_2025091312.png,japan_sea_low,jma_manual,20250913
Js_2025091412.png,stationary_front,jma_manual,20250914
Js_2025091512.png,pacific_high,jma_manual,20250915
Js_2025091612.png,japan_sea_low|pacific_high,jma_manual,20250916
Js_2025091712.png,japan_sea_low|stationary_front,jma_manual,20250917
Js_2025091812.png,stationary_front,jma_manual,20250918
Js_2025091912.png,migratory_high,jma_manual,20250919
Js_2025092012.png,japan_sea_low|front_passage,jma_manual,20250920
Js_2025092112.png,migratory_high,jma_manual,20250921
Js_2025092212.png,migratory_high,jma_manual,20250922
Js_2025092312.png,migratory_high|okhotsk_high,jma_manual,20250923
Js_2025092412.png,japan_sea_low|migratory_high|okhotsk_high,jma_manual,20250924
Js_2025092512.png,stationary_front,jma_manual,20250925
Js_2025092612.png,stationary_front,jma_manual,20250926
Js_2025092712.png,stationary_front,jma_manual,20250927
Js_2025092812.png,japan_sea_low,jma_manual,20250928
Js_2025092912.png,front_passage,jma_manual,20250929
Js_2025093012.png,migratory_high,jma_manual,20250930
Js_2025100112.png,nankigan_low,jma_manual,20251001
Js_2025100212.png,migratory_high|okhotsk_high,jma_manual,20251002
Js_2025100312.png,japan_sea_low|migratory_high,jma_manual,20251003
Js_2025100412.png,typhoon,jma_manual,20251004
Js_2025100512.png,typhoon,jma_manual,20251005
Js_2025100612.png,typhoon,jma_manual,20251006
Js_2025100712.png,typhoon,jma_manual,20251007
Js_2025100812.png,typhoon,jma_manual,20251008
Js_2025100912.png,typhoon,jma_manual,20251009
Js_2025101012.png,typhoon,jma_manual,20251010
Js_2025101112.png,typhoon,jma_manual,20251011
Js_2025101212.png,typhoon,jma_manual,20251012
Js_2025101312.png,typhoon,jma_manual,20251013
Js_2025101412.png,stationary_front,jma_manual,20251014
Js_2025101512.png,stationary_front,jma_manual,20251015
Js_2025101612.png,nankigan_low,jma_manual,20251016
Js_2025101712.png,japan_sea_low|migratory_high,jma_manual,20251017
Js_2025101812.png,front_passage,jma_manual,20251018
Js_2025101912.png,stationary_front,jma_manual,20251019
Js_2025102012.png,stationary_front,jma_manual,20251020
Js_2025102112.png,stationary_front,jma_manual,20251021
Js_2025102212.png,stationary_front,jma_manual,20251022
Js_2025102312.png,stationary_front,jma_manual,20251023
Js_2025102412.png,migratory_high|okhotsk_high,jma_manual,20251024
Js_2025102512.png,nankigan_low|stationary_front,jma_manual,20251025
Js_2025102612.png,futatsudama_low,jma_manual,20251026
Js_2025102712.png,winter_pressure_pattern,jma_manual,20251027
Js_2025102812.png,winter_pressure_pattern,jma_manual,20251028
Js_2025102912.png,migratory_high,jma_manual,20251029
Js_2025103012.png,front_passage,jma_manual,20251030
Js_2025103112.png,nankigan_low,jma_manual,20251031
Js_2024050100.png,nankigan_low|migratory_high|stationary_front,jma_manual,20240501
Js_2024050112.png,nankigan_low|migratory_high|stationary_front,jma_manual,20240501
Js_2024050200.png,migratory_high,jma_manual,20240502
Js_2024050212.png,migratory_high,jma_manual,20240502
Js_2024050300.png,migratory_high,jma_manual,20240503
Js_2024050312.png,migratory_high|pacific_high,jma_manual,20240503
Js_2024050400.png,pacific_high,jma_manual,20240504
Js_2024050412.png,pacific_high|okhotsk_high,jma_manual,20240504
Js_2024050500.png,pacific_high,jma_manual,20240505
Js_2024050512.png,pacific_high,jma_manual,20240505
Js_2024050600.png,japan_sea_low|pacific_high,jma_manual,20240506
Js_2024050612.png,japan_sea_low|front_passage,jma_manual,20240506
Js_2024050700.png,japan_sea_low|front_passage,jma_manual,20240507
Js_2024050712.png,front_passage,jma_manual,20240507
Js_2024050800.png,stationary_front,jma_manual,20240508
Js_2024050812.png,migratory_high,jma_manual,20240508
Js_2024050900.png,migratory_high|okhotsk_high,jma_manual,20240509
Js_2024050912.png,migratory_high|okhotsk_high,jma_manual,20240509
Js_2024051000.png,migratory_high,jma_manual,20240510
Js_2024051012.png,migratory_high,jma_manual,20240510
Js_2024051100.png,migratory_high,jma_manual,20240511
Js_2024051112.png,migratory_high,jma_manual,20240511
Js_2024051200.png,japan_sea_low|migratory_high,jma_manual,20240512
Js_2024051212.png,japan_sea_low|front_passage|stationary_front,jma_manual,20240512
Js_2024051300.png,nankigan_low|front_passage|stationary_front,jma_manual,20240513
Js_2024051312.png,nankigan_low|migratory_high|stationary_front,jma_manual,20240513
Js_2024051400.png,migratory_high,jma_manual,20240514
Js_2024051412.png,migratory_high,jma_manual,20240514
Js_2024051500.png,nankigan_low|stationary_front,jma_manual,20240515
Js_2024051512.png,futatsudama_low|stationary_front,jma_manual,20240515
Js_2024051600.png,futatsudama_low|stationary_front,jma_manual,20240516
Js_2024051612.png,japan_sea_low|stationary_front,jma_manual,20240516
Js_2024051700.png,japan_sea_low|migratory_high|pacific_high,jma_manual,20240517
Js_2024051712.png,pacific_high,jma_manual,20240517
Js_2024051800.png,migratory_high|pacific_high,jma_manual,20240518
Js_2024051812.png,pacific_high,jma_manual,20240518
Js_2024051900.png,futatsudama_low|pacific_high,jma_manual,20240519
Js_2024051912.png,futatsudama_low,jma_manual,20240519
Js_2024052000.png,futatsudama_low,jma_manual,20240520
Js_2024052012.png,japan_sea_low|front_passage,jma_manual,20240520
Js_2024052100.png,migratory_high,jma_manual,20240521
Js_2024052112.png,migratory_high|stationary_front,jma_manual,20240521
Js_2024052200.png,migratory_high|stationary_front,jma_manual,20240522
Js_2024052212.png,migratory_high|stationary_front,jma_manual,20240522
Js_2024052300.png,nankigan_low|stationary_front,jma_manual,20240523
Js_2024052312.png,nankigan_low|japan_sea_low|stationary_front,jma_manual,20240523
Js_2024052400.png,nankigan_low|front_passage|stationary_front,jma_manual,20240524
Js_2024052412.png,migratory_high|stationary_front,jma_manual,20240524
Js_2024052500.png,migratory_high,jma_manual,20240525
Js_2024052512.png,migratory_high,jma_manual,20240525
Js_2024052600.png,migratory_high,jma_manual,20240526
Js_2024052612.png,japan_sea_low,jma_manual,20240526
Js_2024052700.png,japan_sea_low|front_passage,jma_manual,20240527
Js_2024052712.png,japan_sea_low|front_passage|stationary_front,jma_manual,20240527
Js_2024052800.png,nankigan_low|front_passage,jma_manual,20240528
Js_2024052812.png,nankigan_low|typhoon|front_passage,jma_manual,20240528
Js_2024052900.png,typhoon|migratory_high,jma_manual,20240529
Js_2024052912.png,typhoon|migratory_high,jma_manual,20240529
Js_2024053000.png,typhoon|migratory_high,jma_manual,20240530
Js_2024053012.png,typhoon|migratory_high,jma_manual,20240530
Js_2024053100.png,nankigan_low|migratory_high|stationary_front|okhotsk_high,jma_manual,20240531
Js_2024053112.png,nankigan_low|stationary_front|okhotsk_high,jma_manual,20240531
Js_2024060100.png,nankigan_low|stationary_front|okhotsk_high,jma_manual,20240601
Js_2024060112.png,japan_sea_low|stationary_front|okhotsk_high,jma_manual,20240601
Js_2024060200.png,japan_sea_low|stationary_front|okhotsk_high,jma_manual,20240602
Js_2024060212.png,japan_sea_low|front_passage|okhotsk_high,jma_manual,20240602
Js_2024060300.png,japan_sea_low|okhotsk_high,jma_manual,20240603
Js_2024060312.png,unclassified,jma_manual,20240603
Js_2024060400.png,unclassified,jma_manual,20240604
Js_2024060412.png,migratory_high,jma_manual,20240604
Js_2024060500.png,migratory_high,jma_manual,20240605
Js_2024060512.png,migratory_high,jma_manual,20240605
Js_2024060600.png,migratory_high,jma_manual,20240606
Js_2024060612.png,migratory_high|pacific_high,jma_manual,20240606
Js_2024060700.png,migratory_high|pacific_high,jma_manual,20240607
Js_2024060712.png,migratory_high|pacific_high,jma_manual,20240607
Js_2024060800.png,migratory_high|pacific_high,jma_manual,20240608
Js_2024060812.png,migratory_high|pacific_high,jma_manual,20240608
Js_2024060900.png,nankigan_low|pacific_high|front_passage,jma_manual,20240609
Js_2024060912.png,nankigan_low|front_passage,jma_manual,20240609
Js_2024061000.png,nankigan_low|migratory_high|stationary_front,jma_manual,20240610
Js_2024061012.png,nankigan_low|migratory_high|stationary_front,jma_manual,20240610
Js_2024061100.png,migratory_high|stationary_front,jma_manual,20240611
Js_2024061112.png,migratory_high|stationary_front,jma_manual,20240611
Js_2024061200.png,nankigan_low|stationary_front,jma_manual,20240612
Js_2024061212.png,nankigan_low|front_passage|stationary_front,jma_manual,20240612
Js_2024061300.png,nankigan_low|front_passage|stationary_front,jma_manual,20240613
Js_2024061312.png,migratory_high|stationary_front,jma_manual,20240613
Js_2024061400.png,migratory_high|stationary_front,jma_manual,20240614
Js_2024061412.png,migratory_high|stationary_front|okhotsk_high,jma_manual,20240614
Js_2024061500.png,nankigan_low|stationary_front|okhotsk_high,jma_manual,20240615
Js_2024061512.png,nankigan_low|stationary_front,jma_manual,20240615
Js_2024061600.png,nankigan_low|japan_sea_low|stationary_front,jma_manual,20240616
Js_2024061612.png,japan_sea_low|stationary_front,jma_manual,20240616
Js_2024061700.png,japan_sea_low|migratory_high|stationary_front,jma_manual,20240617
Js_2024061712.png,nankigan_low|japan_sea_low|stationary_front,jma_manual,20240617
Js_2024061800.png,nankigan_low|stationary_front,jma_manual,20240618
Js_2024061812.png,migratory_high|stationary_front,jma_manual,20240618
Js_2024061900.png,migratory_high|stationary_front,jma_manual,20240619
Js_2024061912.png,migratory_high|stationary_front,jma_manual,20240619
Js_2024062000.png,migratory_high|stationary_front,jma_manual,20240620
Js_2024062012.png,nankigan_low|stationary_front,jma_manual,20240620
Js_2024062100.png,nankigan_low|front_passage,jma_manual,20240621
Js_2024062112.png,nankigan_low|stationary_front,jma_manual,20240621
Js_2024062200.png,migratory_high|stationary_front,jma_manual,20240622
Js_2024062212.png,japan_sea_low|front_passage,jma_manual,20240622
Js_2024062300.png,japan_sea_low|front_passage,jma_manual,20240623
Js_2024062312.png,japan_sea_low|front_passage,jma_manual,20240623
Js_2024062400.png,japan_sea_low|stationary_front,jma_manual,20240624
Js_2024062412.png,japan_sea_low|stationary_front,jma_manual,20240624
Js_2024062500.png,stationary_front,jma_manual,20240625
Js_2024062512.png,pacific_high|stationary_front,jma_manual,20240625
Js_2024062600.png,migratory_high|pacific_high|stationary_front,jma_manual,20240626
Js_2024062612.png,migratory_high|pacific_high|stationary_front,jma_manual,20240626
Js_2024062700.png,pacific_high|stationary_front,jma_manual,20240627
Js_2024062712.png,pacific_high|stationary_front,jma_manual,20240627
Js_2024062800.png,japan_sea_low|pacific_high|stationary_front,jma_manual,20240628
Js_2024062812.png,pacific_high|stationary_front,jma_manual,20240628
Js_2024062900.png,stationary_front,jma_manual,20240629
Js_2024062912.png,japan_sea_low,jma_manual,20240629
Js_2024063000.png,japan_sea_low|front_passage,jma_manual,20240630
Js_2024063012.png,japan_sea_low|front_passage,jma_manual,20240630
Js_2024070100.png,front_passage|stationary_front,jma_manual,20240701
Js_2024070112.png,stationary_front,jma_manual,20240701
Js_2024070200.png,migratory_high|stationary_front,jma_manual,20240702
Js_2024070212.png,migratory_high|stationary_front,jma_manual,20240702
Js_2024070300.png,pacific_high|stationary_front,jma_manual,20240703
Js_2024070312.png,pacific_high|stationary_front,jma_manual,20240703
Js_2024070400.png,pacific_high,jma_manual,20240704
Js_2024070412.png,pacific_high,jma_manual,20240704
Js_2024070500.png,japan_sea_low|pacific_high,jma_manual,20240705
Js_2024070512.png,japan_sea_low|pacific_high,jma_manual,20240705
Js_2024070600.png,japan_sea_low|pacific_high|front_passage,jma_manual,20240706
Js_2024070612.png,japan_sea_low|pacific_high|front_passage,jma_manual,20240706
Js_2024070700.png,japan_sea_low|pacific_high|front_passage,jma_manual,20240707
Js_2024070712.png,japan_sea_low|pacific_high|stationary_front,jma_manual,20240707
Js_2024070800.png,pacific_high|stationary_front,jma_manual,20240708
Js_2024070812.png,pacific_high|stationary_front,jma_manual,20240708
Js_2024070900.png,japan_sea_low|pacific_high|stationary_front,jma_manual,20240709
Js_2024070912.png,pacific_high|stationary_front,jma_manual,20240709
Js_2024071000.png,japan_sea_low|pacific_high|stationary_front,jma_manual,20240710
Js_2024071012.png,japan_sea_low|pacific_high|stationary_front,jma_manual,20240710
Js_2024071100.png,pacific_high|stationary_front,jma_manual,20240711
Js_2024071112.png,migratory_high|stationary_front,jma_manual,20240711
Js_2024071200.png,nankigan_low|migratory_high|stationary_front,jma_manual,20240712
Js_2024071212.png,nankigan_low|migratory_high|stationary_front,jma_manual,20240712
Js_2024071300.png,migratory_high|stationary_front,jma_manual,20240713
Js_2024071312.png,migratory_high|stationary_front,jma_manual,20240713
Js_2024071400.png,migratory_high|stationary_front|okhotsk_high,jma_manual,20240714
Js_2024071412.png,migratory_high|stationary_front,jma_manual,20240714
Js_2024071500.png,stationary_front,jma_manual,20240715
Js_2024071512.png,migratory_high|stationary_front,jma_manual,20240715
Js_2024071600.png,stationary_front,jma_manual,20240716
Js_2024071612.png,stationary_front,jma_manual,20240716
Js_2024071700.png,stationary_front,jma_manual,20240717
Js_2024071712.png,stationary_front,jma_manual,20240717
Js_2024071800.png,stationary_front|okhotsk_high,jma_manual,20240718
Js_2024071812.png,japan_sea_low|stationary_front|okhotsk_high,jma_manual,20240718
Js_2024071900.png,stationary_front,jma_manual,20240719
Js_2024071912.png,stationary_front,jma_manual,20240719
Js_2024072000.png,pacific_high|stationary_front,jma_manual,20240720
Js_2024072012.png,pacific_high,jma_manual,20240720
Js_2024072100.png,japan_sea_low|pacific_high|stationary_front,jma_manual,20240721
Js_2024072112.png,japan_sea_low|pacific_high|front_passage,jma_manual,20240721
Js_2024072200.png,japan_sea_low|pacific_high|front_passage|stationary_front,jma_manual,20240722
Js_2024072212.png,pacific_high|stationary_front,jma_manual,20240722
Js_2024072300.png,japan_sea_low|pacific_high|stationary_front,jma_manual,20240723
Js_2024072312.png,japan_sea_low|typhoon|pacific_high|stationary_front,jma_manual,20240723
Js_2024072400.png,typhoon|pacific_high|stationary_front,jma_manual,20240724
Js_2024072412.png,typhoon|pacific_high|front_passage,jma_manual,20240724
Js_2024072500.png,japan_sea_low|typhoon|pacific_high|stationary_front,jma_manual,20240725
Js_2024072512.png,japan_sea_low|typhoon|pacific_high|stationary_front,jma_manual,20240725
Js_2024072600.png,typhoon|pacific_high|stationary_front|okhotsk_high,jma_manual,20240726
Js_2024072612.png,typhoon|pacific_high|stationary_front|okhotsk_high,jma_manual,20240726
Js_2024072700.png,stationary_front|okhotsk_high,jma_manual,20240727
Js_2024072712.png,migratory_high|pacific_high|stationary_front,jma_manual,20240727
Js_2024072800.png,pacific_high|stationary_front,jma_manual,20240728
Js_2024072812.png,pacific_high|stationary_front,jma_manual,20240728
Js_2024072900.png,japan_sea_low|pacific_high|front_passage,jma_manual,20240729
Js_2024072912.png,pacific_high|front_passage,jma_manual,20240729
Js_2024073000.png,pacific_high|front_passage,jma_manual,20240730
Js_2024073012.png,pacific_high|stationary_front,jma_manual,20240730
Js_2024073100.png,pacific_high,jma_manual,20240731
Js_2024073112.png,pacific_high,jma_manual,20240731
Js_2024080100.png,pacific_high,jma_manual,20240801
Js_2024080112.png,pacific_high|stationary_front,jma_manual,20240801
Js_2024080200.png,japan_sea_low|pacific_high|stationary_front,jma_manual,20240802
Js_2024080212.png,stationary_front,jma_manual,20240802
Js_2024080300.png,japan_sea_low|stationary_front|okhotsk_high,jma_manual,20240803
Js_2024080312.png,japan_sea_low|stationary_front|okhotsk_high,jma_manual,20240803
Js_2024080400.png,stationary_front,jma_manual,20240804
Js_2024080412.png,migratory_high|stationary_front,jma_manual,20240804
Js_2024080500.png,okhotsk_high,jma_manual,20240805
Js_2024080512.png,okhotsk_high,jma_manual,20240805
Js_2024080600.png,unclassified,jma_manual,20240806
Js_2024080612.png,migratory_high,jma_manual,20240806
Js_2024080700.png,migratory_high,jma_manual,20240807
Js_2024080712.png,migratory_high,jma_manual,20240807
Js_2024080800.png,typhoon|migratory_high,jma_manual,20240808
Js_2024080812.png,typhoon|migratory_high,jma_manual,20240808
Js_2024080900.png,typhoon,jma_manual,20240809
Js_2024080912.png,typhoon,jma_manual,20240809
Js_2024081000.png,typhoon|stationary_front|okhotsk_high,jma_manual,20240810
Js_2024081012.png,typhoon|stationary_front|okhotsk_high,jma_manual,20240810
Js_2024081100.png,typhoon|stationary_front|okhotsk_high,jma_manual,20240811
Js_2024081112.png,typhoon|stationary_front,jma_manual,20240811
Js_2024081200.png,typhoon,jma_manual,20240812
Js_2024081212.png,japan_sea_low,jma_manual,20240812
Js_2024081300.png,japan_sea_low|typhoon,jma_manual,20240813
Js_2024081312.png,japan_sea_low|typhoon,jma_manual,20240813
Js_2024081400.png,japan_sea_low|typhoon,jma_manual,20240814
Js_2024081412.png,typhoon|stationary_front,jma_manual,20240814
Js_2024081500.png,typhoon|front_passage,jma_manual,20240815
Js_2024081512.png,typhoon|front_passage,jma_manual,20240815
Js_2024081600.png,typhoon|stationary_front|okhotsk_high,jma_manual,20240816
Js_2024081612.png,typhoon|stationary_front|okhotsk_high,jma_manual,20240816
Js_2024081700.png,typhoon|stationary_front|okhotsk_high,jma_manual,20240817
Js_2024081712.png,typhoon|migratory_high,jma_manual,20240817
Js_2024081800.png,migratory_high,jma_manual,20240818
Js_2024081812.png,typhoon|migratory_high,jma_manual,20240818
Js_2024081900.png,typhoon|migratory_high,jma_manual,20240819
Js_2024081912.png,typhoon|migratory_high|okhotsk_high,jma_manual,20240819
Js_2024082000.png,typhoon|migratory_high|okhotsk_high,jma_manual,20240820
Js_2024082012.png,typhoon|migratory_high|okhotsk_high,jma_manual,20240820
Js_2024082100.png,migratory_high|okhotsk_high,jma_manual,20240821
Js_2024082112.png,unclassified,jma_manual,20240821
Js_2024082200.png,migratory_high,jma_manual,20240822
Js_2024082212.png,japan_sea_low,jma_manual,20240822
Js_2024082300.png,japan_sea_low|front_passage,jma_manual,20240823
Js_2024082312.png,front_passage,jma_manual,20240823
Js_2024082400.png,front_passage,jma_manual,20240824
Js_2024082412.png,stationary_front,jma_manual,20240824
Js_2024082500.png,japan_sea_low|typhoon|okhotsk_high,jma_manual,20240825
Js_2024082512.png,japan_sea_low|typhoon|stationary_front|okhotsk_high,jma_manual,20240825
Js_2024082600.png,typhoon|stationary_front,jma_manual,20240826
Js_2024082612.png,typhoon|stationary_front,jma_manual,20240826
Js_2024082700.png,typhoon|stationary_front,jma_manual,20240827
Js_2024082712.png,typhoon|stationary_front,jma_manual,20240827
Js_2024082800.png,typhoon|stationary_front,jma_manual,20240828
Js_2024082812.png,typhoon|stationary_front,jma_manual,20240828
Js_2024082900.png,typhoon|stationary_front|okhotsk_high,jma_manual,20240829
Js_2024082912.png,typhoon|stationary_front,jma_manual,20240829
Js_2024083000.png,typhoon|stationary_front,jma_manual,20240830
Js_2024083012.png,nankigan_low|stationary_front,jma_manual,20240830
Js_2024083100.png,nankigan_low|japan_sea_low|front_passage,jma_manual,20240831
Js_2024083112.png,nankigan_low|migratory_high|front_passage,jma_manual,20240831
Js_2024090100.png,nankigan_low|migratory_high|stationary_front,jma_manual,20240901
Js_2024090112.png,nankigan_low|stationary_front,jma_manual,20240901
Js_2024090200.png,stationary_front,jma_manual,20240902
Js_2024090212.png,stationary_front,jma_manual,20240902
Js_2024090300.png,nankigan_low,jma_manual,20240903
Js_2024090312.png,nankigan_low|migratory_high|okhotsk_high,jma_manual,20240903
Js_2024090400.png,nankigan_low|okhotsk_high,jma_manual,20240904
Js_2024090412.png,unclassified,jma_manual,20240904
Js_2024090500.png,migratory_high,jma_manual,20240905
Js_2024090512.png,migratory_high|front_passage,jma_manual,20240905
Js_2024090600.png,front_passage|stationary_front,jma_manual,20240906
Js_2024090612.png,stationary_front,jma_manual,20240906
Js_2024090700.png,stationary_front,jma_manual,20240907
Js_2024090712.png,migratory_high|stationary_front,jma_manual,20240907
Js_2024090800.png,migratory_high|stationary_front,jma_manual,20240908
Js_2024090812.png,migratory_high|stationary_front,jma_manual,20240908
Js_2024090900.png,migratory_high|stationary_front,jma_manual,20240909
Js_2024090912.png,migratory_high|okhotsk_high,jma_manual,20240909
Js_2024091000.png,migratory_high,jma_manual,20240910
Js_2024091012.png,front_passage,jma_manual,20240910
Js_2024091100.png,front_passage,jma_manual,20240911
Js_2024091112.png,front_passage,jma_manual,20240911
Js_2024091200.png,stationary_front,jma_manual,20240912
Js_2024091212.png,migratory_high|stationary_front,jma_manual,20240912
Js_2024091300.png,stationary_front,jma_manual,20240913
Js_2024091312.png,stationary_front,jma_manual,20240913
Js_2024091400.png,japan_sea_low|typhoon|migratory_high|stationary_front|okhotsk_high,jma_manual,20240914
Js_2024091412.png,japan_sea_low|typhoon|stationary_front,jma_manual,20240914
Js_2024091500.png,typhoon|front_passage|stationary_front,jma_manual,20240915
Js_2024091512.png,typhoon|migratory_high|stationary_front,jma_manual,20240915
Js_2024091600.png,typhoon|migratory_high|stationary_front,jma_manual,20240916
Js_2024091612.png,migratory_high|stationary_front,jma_manual,20240916
Js_2024091700.png,stationary_front,jma_manual,20240917
Js_2024091712.png,stationary_front,jma_manual,20240917
Js_2024091800.png,stationary_front,jma_manual,20240918
Js_2024091812.png,typhoon|stationary_front,jma_manual,20240918
Js_2024091900.png,typhoon|migratory_high|stationary_front,jma_manual,20240919
Js_2024091912.png,stationary_front,jma_manual,20240919
Js_2024092000.png,front_passage|stationary_front,jma_manual,20240920
Js_2024092012.png,stationary_front,jma_manual,20240920
Js_2024092100.png,japan_sea_low|stationary_front,jma_manual,20240921
Js_2024092112.png,japan_sea_low,jma_manual,20240921
Js_2024092200.png,japan_sea_low|front_passage|okhotsk_high,jma_manual,20240922
Js_2024092212.png,front_passage|stationary_front|okhotsk_high,jma_manual,20240922
Js_2024092300.png,migratory_high|okhotsk_high,jma_manual,20240923
Js_2024092312.png,nankigan_low|migratory_high|okhotsk_high,jma_manual,20240923
Js_2024092400.png,migratory_high|okhotsk_high,jma_manual,20240924
Js_2024092412.png,typhoon|migratory_high|okhotsk_high,jma_manual,20240924
Js_2024092500.png,typhoon|migratory_high|okhotsk_high,jma_manual,20240925
Js_2024092512.png,typhoon|migratory_high,jma_manual,20240925
Js_2024092600.png,typhoon,jma_manual,20240926
Js_2024092612.png,stationary_front,jma_manual,20240926
Js_2024092700.png,stationary_front,jma_manual,20240927
Js_2024092712.png,stationary_front,jma_manual,20240927
Js_2024092800.png,stationary_front,jma_manual,20240928
Js_2024092812.png,stationary_front|okhotsk_high,jma_manual,20240928
Js_2024092900.png,migratory_high|stationary_front|okhotsk_high,jma_manual,20240929
Js_2024092912.png,migratory_high|okhotsk_high,jma_manual,20240929
Js_2024093000.png,migratory_high|okhotsk_high,jma_manual,20240930
Js_2024093012.png,typhoon,jma_manual,20240930
Js_2024100100.png,japan_sea_low|typhoon|front_passage,jma_manual,20241001
Js_2024100112.png,japan_sea_low|typhoon|front_passage,jma_manual,20241001
Js_2024100200.png,typhoon|front_passage|stationary_front,jma_manual,20241002
Js_2024100212.png,nankigan_low|stationary_front,jma_manual,20241002
Js_2024100300.png,nankigan_low|migratory_high|stationary_front,jma_manual,20241003
Js_2024100312.png,japan_sea_low|stationary_front,jma_manual,20241003
Js_2024100400.png,japan_sea_low|stationary_front,jma_manual,20241004
Js_2024100412.png,front_passage|stationary_front,jma_manual,20241004
Js_2024100500.png,migratory_high|stationary_front,jma_manual,20241005
Js_2024100512.png,migratory_high|stationary_front,jma_manual,20241005
Js_2024100600.png,migratory_high|stationary_front,jma_manual,20241006
Js_2024100612.png,migratory_high|stationary_front,jma_manual,20241006
Js_2024100700.png,stationary_front,jma_manual,20241007
Js_2024100712.png,front_passage|stationary_front,jma_manual,20241007
Js_2024100800.png,migratory_high|stationary_front,jma_manual,20241008
Js_2024100812.png,migratory_high,jma_manual,20241008
Js_2024100900.png,migratory_high,jma_manual,20241009
Js_2024100912.png,migratory_high,jma_manual,20241009
Js_2024101000.png,migratory_high,jma_manual,20241010
Js_2024101012.png,unclassified,jma_manual,20241010
Js_2024101100.png,unclassified,jma_manual,20241011
Js_2024101112.png,migratory_high,jma_manual,20241011
Js_2024101200.png,migratory_high,jma_manual,20241012
Js_2024101212.png,migratory_high,jma_manual,20241012
Js_2024101300.png,migratory_high,jma_manual,20241013
Js_2024101312.png,migratory_high,jma_manual,20241013
Js_2024101400.png,migratory_high,jma_manual,20241014
Js_2024101412.png,migratory_high,jma_manual,20241014
Js_2024101500.png,migratory_high,jma_manual,20241015
Js_2024101512.png,japan_sea_low,jma_manual,20241015
Js_2024101600.png,front_passage,jma_manual,20241016
Js_2024101612.png,migratory_high,jma_manual,20241016
Js_2024101700.png,migratory_high,jma_manual,20241017
Js_2024101712.png,migratory_high,jma_manual,20241017
Js_2024101800.png,migratory_high,jma_manual,20241018
Js_2024101812.png,japan_sea_low,jma_manual,20241018
Js_2024101900.png,front_passage,jma_manual,20241019
Js_2024101912.png,front_passage,jma_manual,20241019
Js_2024102000.png,migratory_high,jma_manual,20241020
Js_2024102012.png,migratory_high,jma_manual,20241020
Js_2024102100.png,migratory_high,jma_manual,20241021
Js_2024102112.png,migratory_high,jma_manual,20241021
Js_2024102200.png,migratory_high,jma_manual,20241022
Js_2024102212.png,japan_sea_low,jma_manual,20241022
Js_2024102300.png,japan_sea_low|front_passage,jma_manual,20241023
Js_2024102312.png,japan_sea_low|front_passage,jma_manual,20241023
Js_2024102400.png,stationary_front,jma_manual,20241024
Js_2024102412.png,migratory_high,jma_manual,20241024
Js_2024102500.png,migratory_high|stationary_front,jma_manual,20241025
Js_2024102512.png,migratory_high|stationary_front,jma_manual,20241025
Js_2024102600.png,front_passage|stationary_front,jma_manual,20241026
Js_2024102612.png,migratory_high|stationary_front,jma_manual,20241026
Js_2024102700.png,japan_sea_low|stationary_front,jma_manual,20241027
Js_2024102712.png,japan_sea_low|stationary_front,jma_manual,20241027
Js_2024102800.png,front_passage,jma_manual,20241028
Js_2024102812.png,migratory_high,jma_manual,20241028
Js_2024102900.png,migratory_high|stationary_front,jma_manual,20241029
Js_2024102912.png,migratory_high|stationary_front,jma_manual,20241029
Js_2024103000.png,stationary_front,jma_manual,20241030
Js_2024103012.png,migratory_high,jma_manual,20241030
Js_2024103100.png,migratory_high,jma_manual,20241031
Js_2024103112.png,migratory_high|stationary_front,jma_manual,20241031
Js_2024110100.png,migratory_high|stationary_front,jma_manual,20241101
Js_2024110112.png,nankigan_low,jma_manual,20241101
Js_2024110200.png,nankigan_low,jma_manual,20241102
Js_2024110212.png,nankigan_low,jma_manual,20241102
Js_2024110300.png,migratory_high,jma_manual,20241103
Js_2024110312.png,japan_sea_low|migratory_high,jma_manual,20241103
Js_2024110400.png,japan_sea_low|okhotsk_high,jma_manual,20241104
Js_2024110412.png,front_passage,jma_manual,20241104
Js_2024110500.png,nankigan_low,jma_manual,20241105
Js_2024110512.png,unclassified,jma_manual,20241105
Js_2024110600.png,unclassified,jma_manual,20241106
Js_2024110612.png,migratory_high,jma_manual,20241106
Js_2024110700.png,migratory_high,jma_manual,20241107
Js_2024110712.png,migratory_high,jma_manual,20241107
Js_2024110800.png,migratory_high,jma_manual,20241108
Js_2024110812.png,migratory_high|stationary_front,jma_manual,20241108
Js_2024110900.png,migratory_high|stationary_front,jma_manual,20241109
Js_2024110912.png,migratory_high|stationary_front,jma_manual,20241109
Js_2024111000.png,migratory_high,jma_manual,20241110
Js_2024111012.png,migratory_high,jma_manual,20241110
Js_2024111100.png,front_passage,jma_manual,20241111
Js_2024111112.png,migratory_high,jma_manual,20241111
Js_2024111200.png,migratory_high,jma_manual,20241112
Js_2024111212.png,migratory_high,jma_manual,20241112
Js_2024111300.png,migratory_high,jma_manual,20241113
Js_2024111312.png,migratory_high,jma_manual,20241113
Js_2024111400.png,migratory_high,jma_manual,20241114
Js_2024111412.png,migratory_high,jma_manual,20241114
Js_2024111500.png,unclassified,jma_manual,20241115
Js_2024111512.png,migratory_high,jma_manual,20241115
Js_2024111600.png,migratory_high,jma_manual,20241116
Js_2024111612.png,japan_sea_low,jma_manual,20241116
Js_2024111700.png,front_passage,jma_manual,20241117
Js_2024111712.png,front_passage,jma_manual,20241117
Js_2024111800.png,migratory_high,jma_manual,20241118
Js_2024111812.png,migratory_high,jma_manual,20241118
Js_2024111900.png,migratory_high,jma_manual,20241119
Js_2024111912.png,migratory_high,jma_manual,20241119
Js_2024112000.png,migratory_high,jma_manual,20241120
Js_2024112012.png,migratory_high,jma_manual,20241120
Js_2024112100.png,unclassified,jma_manual,20241121
Js_2024112112.png,japan_sea_low,jma_manual,20241121
Js_2024112200.png,japan_sea_low,jma_manual,20241122
Js_2024112212.png,japan_sea_low,jma_manual,20241122
Js_2024112300.png,winter_pressure_pattern,jma_manual,20241123
Js_2024112312.png,winter_pressure_pattern,jma_manual,20241123
Js_2024112400.png,winter_pressure_pattern,jma_manual,20241124
Js_2024112412.png,winter_pressure_pattern,jma_manual,20241124
Js_2024112500.png,migratory_high,jma_manual,20241125
Js_2024112512.png,migratory_high,jma_manual,20241125
Js_2024112600.png,futatsudama_low,jma_manual,20241126
Js_2024112612.png,futatsudama_low,jma_manual,20241126
Js_2024112700.png,futatsudama_low,jma_manual,20241127
Js_2024112712.png,futatsudama_low,jma_manual,20241127
Js_2024112800.png,winter_pressure_pattern,jma_manual,20241128
Js_2024112812.png,japan_sea_low,jma_manual,20241128
Js_2024112900.png,winter_pressure_pattern,jma_manual,20241129
Js_2024112912.png,winter_pressure_pattern,jma_manual,20241129
Js_2024113000.png,winter_pressure_pattern,jma_manual,20241130
Js_2024113012.png,winter_pressure_pattern,jma_manual,20241130
Js_2024120100.png,winter_pressure_pattern,jma_manual,20241201
Js_2024120112.png,migratory_high,jma_manual,20241201
Js_2024120200.png,japan_sea_low|migratory_high,jma_manual,20241202
Js_2024120212.png,japan_sea_low|migratory_high,jma_manual,20241202
Js_2024120300.png,front_passage,jma_manual,20241203
Js_2024120312.png,japan_sea_low,jma_manual,20241203
Js_2024120400.png,winter_pressure_pattern,jma_manual,20241204
Js_2024120412.png,winter_pressure_pattern,jma_manual,20241204
Js_2024120500.png,winter_pressure_pattern,jma_manual,20241205
Js_2024120512.png,winter_pressure_pattern|japan_sea_low,jma_manual,20241205
Js_2024120600.png,winter_pressure_pattern|japan_sea_low,jma_manual,20241206
Js_2024120612.png,winter_pressure_pattern,jma_manual,20241206
Js_2024120700.png,winter_pressure_pattern,jma_manual,20241207
Js_2024120712.png,winter_pressure_pattern,jma_manual,20241207
Js_2024120800.png,winter_pressure_pattern,jma_manual,20241208
Js_2024120812.png,winter_pressure_pattern,jma_manual,20241208
Js_2024120900.png,winter_pressure_pattern,jma_manual,20241209
Js_2024120912.png,winter_pressure_pattern,jma_manual,20241209
Js_2024121000.png,winter_pressure_pattern,jma_manual,20241210
Js_2024121012.png,winter_pressure_pattern,jma_manual,20241210
Js_2024121100.png,winter_pressure_pattern,jma_manual,20241211
Js_2024121112.png,winter_pressure_pattern,jma_manual,20241211
Js_2024121200.png,winter_pressure_pattern,jma_manual,20241212
Js_2024121212.png,winter_pressure_pattern,jma_manual,20241212
Js_2024121300.png,winter_pressure_pattern|futatsudama_low,jma_manual,20241213
Js_2024121312.png,winter_pressure_pattern|futatsudama_low,jma_manual,20241213
Js_2024121400.png,winter_pressure_pattern,jma_manual,20241214
Js_2024121412.png,winter_pressure_pattern|japan_sea_low,jma_manual,20241214
Js_2024121500.png,winter_pressure_pattern|japan_sea_low,jma_manual,20241215
Js_2024121512.png,winter_pressure_pattern,jma_manual,20241215
Js_2024121600.png,winter_pressure_pattern,jma_manual,20241216
Js_2024121612.png,winter_pressure_pattern,jma_manual,20241216
Js_2024121700.png,winter_pressure_pattern,jma_manual,20241217
Js_2024121712.png,winter_pressure_pattern,jma_manual,20241217
Js_2024121800.png,winter_pressure_pattern,jma_manual,20241218
Js_2024121812.png,winter_pressure_pattern,jma_manual,20241218
Js_2024121900.png,winter_pressure_pattern,jma_manual,20241219
Js_2024121912.png,winter_pressure_pattern,jma_manual,20241219
Js_2024122000.png,japan_sea_low|migratory_high,jma_manual,20241220
Js_2024122012.png,japan_sea_low|migratory_high,jma_manual,20241220
Js_2024122100.png,unclassified,jma_manual,20241221
Js_2024122112.png,nankigan_low,jma_manual,20241221
Js_2024122200.png,winter_pressure_pattern,jma_manual,20241222
Js_2024122212.png,winter_pressure_pattern,jma_manual,20241222
Js_2024122300.png,winter_pressure_pattern,jma_manual,20241223
Js_2024122312.png,winter_pressure_pattern,jma_manual,20241223
Js_2024122400.png,winter_pressure_pattern,jma_manual,20241224
Js_2024122412.png,winter_pressure_pattern,jma_manual,20241224
Js_2024122500.png,migratory_high,jma_manual,20241225
Js_2024122512.png,japan_sea_low,jma_manual,20241225
Js_2024122600.png,japan_sea_low|stationary_front,jma_manual,20241226
Js_2024122612.png,winter_pressure_pattern,jma_manual,20241226
Js_2024122700.png,winter_pressure_pattern,jma_manual,20241227
Js_2024122712.png,winter_pressure_pattern,jma_manual,20241227
Js_2024122800.png,winter_pressure_pattern,jma_manual,20241228
Js_2024122812.png,winter_pressure_pattern,jma_manual,20241228
Js_2024122900.png,winter_pressure_pattern,jma_manual,20241229
Js_2024122912.png,winter_pressure_pattern,jma_manual,20241229
Js_2024123000.png,migratory_high,jma_manual,20241230
Js_2024123012.png,japan_sea_low|migratory_high,jma_manual,20241230
Js_2024123100.png,japan_sea_low,jma_manual,20241231
Js_2024123112.png,winter_pressure_pattern,jma_manual,20241231
Js_2025010100.png,winter_pressure_pattern,jma_manual,20250101
Js_2025010112.png,migratory_high,jma_manual,20250101
Js_2025010200.png,winter_pressure_pattern,jma_manual,20250102
Js_2025010212.png,winter_pressure_pattern,jma_manual,20250102
Js_2025010300.png,winter_pressure_pattern|japan_sea_low,jma_manual,20250103
Js_2025010312.png,winter_pressure_pattern|japan_sea_low,jma_manual,20250103
Js_2025010400.png,winter_pressure_pattern,jma_manual,20250104
Js_2025010412.png,winter_pressure_pattern|migratory_high,jma_manual,20250104
Js_2025010500.png,migratory_high,jma_manual,20250105
Js_2025010512.png,japan_sea_low|migratory_high,jma_manual,20250105
Js_2025010600.png,futatsudama_low,jma_manual,20250106
Js_2025010612.png,futatsudama_low,jma_manual,20250106
Js_2025010700.png,winter_pressure_pattern|futatsudama_low,jma_manual,20250107
Js_2025010712.png,winter_pressure_pattern,jma_manual,20250107
Js_2025010800.png,winter_pressure_pattern,jma_manual,20250108
Js_2025010812.png,winter_pressure_pattern,jma_manual,20250108
Js_2025010900.png,winter_pressure_pattern|japan_sea_low,jma_manual,20250109
Js_2025010912.png,winter_pressure_pattern,jma_manual,20250109
Js_2025011000.png,winter_pressure_pattern|japan_sea_low,jma_manual,20250110
Js_2025011012.png,winter_pressure_pattern,jma_manual,20250110
Js_2025011100.png,winter_pressure_pattern,jma_manual,20250111
Js_2025011112.png,winter_pressure_pattern|japan_sea_low,jma_manual,20250111
Js_2025011200.png,winter_pressure_pattern|futatsudama_low,jma_manual,20250112
Js_2025011212.png,futatsudama_low,jma_manual,20250112
Js_2025011300.png,futatsudama_low,jma_manual,20250113
Js_2025011312.png,japan_sea_low,jma_manual,20250113
Js_2025011400.png,japan_sea_low|migratory_high,jma_manual,20250114
Js_2025011412.png,japan_sea_low|migratory_high,jma_manual,20250114
Js_2025011500.png,winter_pressure_pattern|stationary_front,jma_manual,20250115
Js_2025011512.png,winter_pressure_pattern,jma_manual,20250115
Js_2025011600.png,winter_pressure_pattern|japan_sea_low,jma_manual,20250116
Js_2025011612.png,japan_sea_low,jma_manual,20250116
Js_2025011700.png,winter_pressure_pattern,jma_manual,20250117
Js_2025011712.png,winter_pressure_pattern,jma_manual,20250117
Js_2025011800.png,migratory_high,jma_manual,20250118
Js_2025011812.png,migratory_high,jma_manual,20250118
Js_2025011900.png,migratory_high,jma_manual,20250119
Js_2025011912.png,unclassified,jma_manual,20250119
Js_2025012000.png,unclassified,jma_manual,20250120
Js_2025012012.png,migratory_high,jma_manual,20250120
Js_2025012100.png,migratory_high,jma_manual,20250121
Js_2025012112.png,migratory_high,jma_manual,20250121
Js_2025012200.png,migratory_high,jma_manual,20250122
Js_2025012212.png,migratory_high,jma_manual,20250122
Js_2025012300.png,japan_sea_low|migratory_high,jma_manual,20250123
Js_2025012312.png,japan_sea_low|migratory_high,jma_manual,20250123
Js_2025012400.png,japan_sea_low|migratory_high,jma_manual,20250124
Js_2025012412.png,japan_sea_low,jma_manual,20250124
Js_2025012500.png,japan_sea_low,jma_manual,20250125
Js_2025012512.png,migratory_high,jma_manual,20250125
Js_2025012600.png,migratory_high,jma_manual,20250126
Js_2025012612.png,unclassified,jma_manual,20250126
Js_2025012700.png,japan_sea_low,jma_manual,20250127
Js_2025012712.png,futatsudama_low,jma_manual,20250127
Js_2025012800.png,futatsudama_low,jma_manual,20250128
Js_2025012812.png,japan_sea_low,jma_manual,20250128
Js_2025012900.png,winter_pressure_pattern|japan_sea_low,jma_manual,20250129
Js_2025012912.png,winter_pressure_pattern,jma_manual,20250129
Js_2025013000.png,winter_pressure_pattern,jma_manual,20250130
Js_2025013012.png,winter_pressure_pattern|migratory_high,jma_manual,20250130
Js_2025013100.png,winter_pressure_pattern|migratory_high,jma_manual,20250131
Js_2025013112.png,winter_pressure_pattern|migratory_high,jma_manual,20250131
Js_2025020100.png,nankigan_low|migratory_high,jma_manual,20250201
Js_2025020112.png,nankigan_low,jma_manual,20250201
Js_2025020200.png,nankigan_low,jma_manual,20250202
Js_2025020212.png,japan_sea_low,jma_manual,20250202
Js_2025020300.png,japan_sea_low,jma_manual,20250203
Js_2025020312.png,japan_sea_low,jma_manual,20250203
Js_2025020400.png,japan_sea_low,jma_manual,20250204
Js_2025020412.png,japan_sea_low,jma_manual,20250204
Js_2025020500.png,winter_pressure_pattern|japan_sea_low,jma_manual,20250205
Js_2025020512.png,winter_pressure_pattern,jma_manual,20250205
Js_2025020600.png,winter_pressure_pattern|japan_sea_low,jma_manual,20250206
Js_2025020612.png,winter_pressure_pattern|japan_sea_low,jma_manual,20250206
Js_2025020700.png,winter_pressure_pattern|japan_sea_low,jma_manual,20250207
Js_2025020712.png,winter_pressure_pattern|japan_sea_low,jma_manual,20250207
Js_2025020800.png,winter_pressure_pattern|japan_sea_low,jma_manual,20250208
Js_2025020812.png,winter_pressure_pattern,jma_manual,20250208
Js_2025020900.png,winter_pressure_pattern,jma_manual,20250209
Js_2025020912.png,winter_pressure_pattern,jma_manual,20250209
Js_2025021000.png,winter_pressure_pattern,jma_manual,20250210
Js_2025021012.png,winter_pressure_pattern,jma_manual,20250210
Js_2025021100.png,winter_pressure_pattern|migratory_high,jma_manual,20250211
Js_2025021112.png,winter_pressure_pattern|migratory_high,jma_manual,20250211
Js_2025021200.png,migratory_high|stationary_front,jma_manual,20250212
Js_2025021212.png,japan_sea_low,jma_manual,20250212
Js_2025021300.png,winter_pressure_pattern,jma_manual,20250213
Js_2025021312.png,winter_pressure_pattern|migratory_high,jma_manual,20250213
Js_2025021400.png,migratory_high,jma_manual,20250214
Js_2025021412.png,migratory_high,jma_manual,20250214
Js_2025021500.png,migratory_high,jma_manual,20250215
Js_2025021512.png,migratory_high,jma_manual,20250215
Js_2025021600.png,futatsudama_low,jma_manual,20250216
Js_2025021612.png,futatsudama_low,jma_manual,20250216
Js_2025021700.png,japan_sea_low,jma_manual,20250217
Js_2025021712.png,winter_pressure_pattern,jma_manual,20250217
Js_2025021800.png,winter_pressure_pattern,jma_manual,20250218
Js_2025021812.png,winter_pressure_pattern,jma_manual,20250218
Js_2025021900.png,winter_pressure_pattern,jma_manual,20250219
Js_2025021912.png,winter_pressure_pattern,jma_manual,20250219
Js_2025022000.png,winter_pressure_pattern,jma_manual,20250220
Js_2025022012.png,winter_pressure_pattern,jma_manual,20250220
Js_2025022100.png,winter_pressure_pattern,jma_manual,20250221
Js_2025022112.png,winter_pressure_pattern,jma_manual,20250221
Js_2025022200.png,winter_pressure_pattern,jma_manual,20250222
Js_2025022212.png,winter_pressure_pattern,jma_manual,20250222
Js_2025022300.png,winter_pressure_pattern,jma_manual,20250223
Js_2025022312.png,winter_pressure_pattern,jma_manual,20250223
Js_2025022400.png,winter_pressure_pattern,jma_manual,20250224
Js_2025022412.png,winter_pressure_pattern,jma_manual,20250224
Js_2025022500.png,winter_pressure_pattern|migratory_high,jma_manual,20250225
Js_2025022512.png,japan_sea_low|migratory_high,jma_manual,20250225
Js_2025022600.png,winter_pressure_pattern|front_passage,jma_manual,20250226
Js_2025022612.png,winter_pressure_pattern|migratory_high,jma_manual,20250226
Js_2025022700.png,winter_pressure_pattern|migratory_high,jma_manual,20250227
Js_2025022712.png,migratory_high,jma_manual,20250227
Js_2025022800.png,migratory_high,jma_manual,20250228
Js_2025022812.png,migratory_high,jma_manual,20250228
Js_2025030100.png,migratory_high,jma_manual,20250301
Js_2025030200.png,stationary_front,jma_manual,20250302
Js_2025030300.png,migratory_high|stationary_front,jma_manual,20250303
Js_2025030400.png,nankigan_low|migratory_high|stationary_front,jma_manual,20250304
Js_2025030500.png,nankigan_low|migratory_high,jma_manual,20250305
Js_2025030600.png,nankigan_low,jma_manual,20250306
Js_2025030700.png,migratory_high,jma_manual,20250307
Js_2025030800.png,migratory_high,jma_manual,20250308
Js_2025030900.png,migratory_high,jma_manual,20250309
Js_2025031000.png,migratory_high,jma_manual,20250310
Js_2025031100.png,migratory_high,jma_manual,20250311
Js_2025031200.png,migratory_high,jma_manual,20250312
Js_2025031300.png,futatsudama_low,jma_manual,20250313
Js_2025031400.png,winter_pressure_pattern|stationary_front,jma_manual,20250314
Js_2025031500.png,winter_pressure_pattern|nankigan_low|stationary_front,jma_manual,20250315
Js_2025031600.png,nankigan_low,jma_manual,20250316
Js_2025031700.png,futatsudama_low,jma_manual,20250317
Js_2025031800.png,japan_sea_low,jma_manual,20250318
Js_2025031900.png,nankigan_low,jma_manual,20250319
Js_2025032000.png,migratory_high,jma_manual,20250320
Js_2025032100.png,pacific_high,jma_manual,20250321
Js_2025032200.png,front_passage,jma_manual,20250322
Js_2025032300.png,winter_pressure_pattern,jma_manual,20250323
Js_2025032400.png,migratory_high,jma_manual,20250324
Js_2025032500.png,front_passage,jma_manual,20250325
Js_2025032600.png,migratory_high|front_passage,jma_manual,20250326
Js_2025032700.png,japan_sea_low,jma_manual,20250327
Js_2025032800.png,nankigan_low|front_passage,jma_manual,20250328
Js_2025032900.png,winter_pressure_pattern,jma_manual,20250329
Js_2025033000.png,japan_sea_low|migratory_high,jma_manual,20250330
Js_2025033100.png,migratory_high,jma_manual,20250331
Js_2025040100.png,migratory_high,jma_manual,20250401
Js_2025040200.png,nankigan_low|okhotsk_high,jma_manual,20250402
Js_2025040300.png,futatsudama_low,jma_manual,20250403
Js_2025040400.png,migratory_high,jma_manual,20250404
Js_2025040500.png,migratory_high,jma_manual,20250405
Js_2025040600.png,japan_sea_low,jma_manual,20250406
Js_2025040700.png,japan_sea_low|migratory_high,jma_manual,20250407
Js_2025040800.png,japan_sea_low|migratory_high,jma_manual,20250408
Js_2025040900.png,migratory_high,jma_manual,20250409
Js_2025041000.png,japan_sea_low,jma_manual,20250410
Js_2025041100.png,migratory_high,jma_manual,20250411
Js_2025041200.png,migratory_high,jma_manual,20250412
Js_2025041300.png,nankigan_low|okhotsk_high,jma_manual,20250413
Js_2025041400.png,nankigan_low|okhotsk_high,jma_manual,20250414
Js_2025041500.png,japan_sea_low,jma_manual,20250415
Js_2025041600.png,winter_pressure_pattern,jma_manual,20250416
Js_2025041700.png,pacific_high,jma_manual,20250417
Js_2025041800.png,japan_sea_low|okhotsk_high,jma_manual,20250418
Js_2025041900.png,japan_sea_low,jma_manual,20250419
Js_2025042000.png,nankigan_low|japan_sea_low,jma_manual,20250420
Js_2025042100.png,migratory_high,jma_manual,20250421
Js_2025042200.png,migratory_high|okhotsk_high,jma_manual,20250422
Js_2025042300.png,futatsudama_low,jma_manual,20250423
Js_2025042400.png,futatsudama_low|okhotsk_high,jma_manual,20250424
Js_2025042500.png,japan_sea_low,jma_manual,20250425
Js_2025042600.png,japan_sea_low,jma_manual,20250426
Js_2025042700.png,migratory_high,jma_manual,20250427
Js_2025042800.png,futatsudama_low|okhotsk_high,jma_manual,20250428
Js_2025042900.png,futatsudama_low,jma_manual,20250429
Js_2025043000.png,migratory_high,jma_manual,20250430
Js_2025050112.png,pacific_high,jma_manual,20250501
Js_2025050212.png,futatsudama_low|migratory_high,jma_manual,20250502
Js_2025050312.png,front_passage,jma_manual,20250503
Js_2025050412.png,migratory_high,jma_manual,20250504
Js_2025050512.png,nankigan_low|migratory_high,jma_manual,20250505
Js_2025050612.png,nankigan_low|stationary_front,jma_manual,20250506
Js_2025050712.png,migratory_high,jma_manual,20250507
Js_2025050812.png,migratory_high,jma_manual,20250508
Js_2025050912.png,japan_sea_low|front_passage,jma_manual,20250509
Js_2025051012.png,futatsudama_low|front_passage|stationary_front,jma_manual,20250510
Js_2025051112.png,stationary_front,jma_manual,20250511
Js_2025051212.png,migratory_high,jma_manual,20250512
Js_2025051312.png,migratory_high|okhotsk_high,jma_manual,20250513
Js_2025051412.png,migratory_high|okhotsk_high,jma_manual,20250514
Js_2025051512.png,migratory_high,jma_manual,20250515
Js_2025051612.png,japan_sea_low|front_passage,jma_manual,20250516
Js_2025051712.png,japan_sea_low|front_passage,jma_manual,20250517
Js_2025051812.png,stationary_front,jma_manual,20250518
Js_2025051912.png,stationary_front,jma_manual,20250519
Js_2025052012.png,stationary_front,jma_manual,20250520
Js_2025052112.png,nankigan_low|front_passage|stationary_front,jma_manual,20250521
Js_2025052212.png,nankigan_low|stationary_front,jma_manual,20250522
Js_2025052312.png,migratory_high,jma_manual,20250523
Js_2025052412.png,nankigan_low|front_passage,jma_manual,20250524
Js_2025052512.png,japan_sea_low|front_passage,jma_manual,20250525
Js_2025052612.png,migratory_high,jma_manual,20250526
Js_2025052712.png,migratory_high,jma_manual,20250527
Js_2025052812.png,migratory_high|stationary_front,jma_manual,20250528
Js_2025052912.png,migratory_high,jma_manual,20250529
Js_2025053012.png,nankigan_low|migratory_high|okhotsk_high,jma_manual,20250530
Js_2025053112.png,nankigan_low|migratory_high|okhotsk_high,jma_manual,20250531
Js_2025060112.png,migratory_high,jma_manual,20250601
Js_2025060212.png,nankigan_low,jma_manual,20250602
Js_2025060312.png,futatsudama_low,jma_manual,20250603
Js_2025060412.png,futatsudama_low|migratory_high,jma_manual,20250604
Js_2025060512.png,migratory_high,jma_manual,20250605
Js_2025060612.png,stationary_front,jma_manual,20250606
Js_2025060712.png,stationary_front,jma_manual,20250607
Js_2025060812.png,migratory_high|stationary_front,jma_manual,20250608
Js_2025060912.png,stationary_front,jma_manual,20250609
Js_2025061012.png,stationary_front,jma_manual,20250610
Js_2025061112.png,stationary_front,jma_manual,20250611
Js_2025061212.png,migratory_high|stationary_front,jma_manual,20250612
Js_2025061312.png,migratory_high|stationary_front,jma_manual,20250613
Js_2025061412.png,japan_sea_low|front_passage,jma_manual,20250614
Js_2025061512.png,front_passage,jma_manual,20250615
Js_2025061612.png,japan_sea_low|front_passage|stationary_front,jma_manual,20250616
Js_2025061712.png,pacific_high,jma_manual,20250617
Js_2025061812.png,pacific_high,jma_manual,20250618
Js_2025061912.png,migratory_high|pacific_high,jma_manual,20250619
Js_2025062012.png,japan_sea_low|pacific_high,jma_manual,20250620
Js_2025062112.png,pacific_high|stationary_front,jma_manual,20250621
Js_2025062212.png,stationary_front,jma_manual,20250622
Js_2025062312.png,typhoon|stationary_front,jma_manual,20250623
Js_2025062412.png,migratory_high|stationary_front,jma_manual,20250624
Js_2025062512.png,japan_sea_low|front_passage,jma_manual,20250625
Js_2025062612.png,front_passage,jma_manual,20250626
Js_2025062712.png,migratory_high,jma_manual,20250627
Js_2025062812.png,migratory_high,jma_manual,20250628
Js_2025062912.png,migratory_high,jma_manual,20250629
Js_2025063012.png,migratory_high,jma_manual,20250630
Js_2025110112.png,winter_pressure_pattern,jma_manual,20251101
Js_2025110212.png,japan_sea_low,jma_manual,20251102
Js_2025110312.png,migratory_high,jma_manual,20251103
Js_2025110412.png,migratory_high|front_passage,jma_manual,20251104
Js_2025110512.png,migratory_high,jma_manual,20251105
Js_2025110612.png,winter_pressure_pattern,jma_manual,20251106
Js_2025110712.png,winter_pressure_pattern,jma_manual,20251107
Js_2025110812.png,migratory_high,jma_manual,20251108
Js_2025110912.png,futatsudama_low,jma_manual,20251109
Js_2025111012.png,winter_pressure_pattern,jma_manual,20251110
Js_2025111112.png,migratory_high,jma_manual,20251111
Js_2025111212.png,migratory_high,jma_manual,20251112
Js_2025111312.png,nankigan_low|front_passage,jma_manual,20251113
Js_2025111412.png,migratory_high,jma_manual,20251114
Js_2025111512.png,migratory_high,jma_manual,20251115
Js_2025111612.png,japan_sea_low,jma_manual,20251116
Js_2025111712.png,winter_pressure_pattern|front_passage,jma_manual,20251117
Js_2025111812.png,winter_pressure_pattern,jma_manual,20251118
Js_2025111912.png,migratory_high,jma_manual,20251119
Js_2025112012.png,front_passage,jma_manual,20251120
Js_2025112112.png,winter_pressure_pattern,jma_manual,20251121
Js_2025112212.png,migratory_high,jma_manual,20251122
Js_2025112312.png,migratory_high,jma_manual,20251123
Js_2025112412.png,japan_sea_low|migratory_high,jma_manual,20251124
Js_2025112512.png,futatsudama_low,jma_manual,20251125
Js_2025112612.png,migratory_high,jma_manual,20251126
Js_2025112712.png,japan_sea_low|front_passage,jma_manual,20251127
Js_2025112812.png,winter_pressure_pattern,jma_manual,20251128
Js_2025112912.png,migratory_high,jma_manual,20251129
Js_2025113012.png,japan_sea_low|front_passage,jma_manual,20251130
Js_2025120112.png,winter_pressure_pattern|front_passage,jma_manual,20251201
Js_2025120212.png,front_passage|stationary_front,jma_manual,20251202
Js_2025120312.png,winter_pressure_pattern,jma_manual,20251203
Js_2025120412.png,winter_pressure_pattern|japan_sea_low,jma_manual,20251204
Js_2025120512.png,migratory_high,jma_manual,20251205
Js_2025120612.png,migratory_high,jma_manual,20251206
Js_2025120712.png,japan_sea_low|migratory_high,jma_manual,20251207
Js_2025120812.png,winter_pressure_pattern,jma_manual,20251208
Js_2025120912.png,winter_pressure_pattern,jma_manual,20251209
Js_2025121012.png,migratory_high,jma_manual,20251210
Js_2025121112.png,winter_pressure_pattern|front_passage,jma_manual,20251211
Js_2025121212.png,winter_pressure_pattern,jma_manual,20251212
Js_2025121312.png,futatsudama_low,jma_manual,20251213
Js_2025121412.png,winter_pressure_pattern|futatsudama_low,jma_manual,20251214
Js_2025121512.png,winter_pressure_pattern,jma_manual,20251215
Js_2025121612.png,winter_pressure_pattern|migratory_high,jma_manual,20251216
Js_2025121712.png,nankigan_low,jma_manual,20251217
Js_2025121812.png,migratory_high,jma_manual,20251218
Js_2025121912.png,migratory_high,jma_manual,20251219
Js_2025122012.png,front_passage,jma_manual,20251220
Js_2025122112.png,nankigan_low,jma_manual,20251221
Js_2025122212.png,migratory_high,jma_manual,20251222
Js_2025122312.png,japan_sea_low,jma_manual,20251223
Js_2025122412.png,front_passage,jma_manual,20251224
Js_2025122512.png,winter_pressure_pattern|japan_sea_low,jma_manual,20251225
Js_2025122612.png,winter_pressure_pattern,jma_manual,20251226
Js_2025122712.png,winter_pressure_pattern|migratory_high,jma_manual,20251227
Js_2025122812.png,migratory_high,jma_manual,20251228
Js_2025122912.png,migratory_high,jma_manual,20251229
Js_2025123012.png,winter_pressure_pattern,jma_manual,20251230
Js_2025123112.png,winter_pressure_pattern,jma_manual,20251231
Js_2026010112.png,winter_pressure_pattern|japan_sea_low,jma_manual,20260101
Js_2026010212.png,winter_pressure_pattern,jma_manual,20260102
Js_2026010312.png,winter_pressure_pattern,jma_manual,20260103
Js_2026010412.png,winter_pressure_pattern,jma_manual,20260104
Js_2026010512.png,winter_pressure_pattern|nankigan_low,jma_manual,20260105
Js_2026010612.png,migratory_high,jma_manual,20260106
Js_2026010712.png,futatsudama_low,jma_manual,20260107
Js_2026010812.png,winter_pressure_pattern,jma_manual,20260108
Js_2026010912.png,migratory_high,jma_manual,20260109
Js_2026011012.png,japan_sea_low|stationary_front,jma_manual,20260110
Js_2026011112.png,winter_pressure_pattern,jma_manual,20260111
Js_2026011212.png,winter_pressure_pattern,jma_manual,20260112
Js_2026011312.png,winter_pressure_pattern,jma_manual,20260113
Js_2026011412.png,winter_pressure_pattern|migratory_high,jma_manual,20260114
Js_2026011512.png,japan_sea_low|migratory_high,jma_manual,20260115
Js_2026011612.png,migratory_high,jma_manual,20260116
Js_2026011712.png,japan_sea_low|migratory_high|front_passage,jma_manual,20260117
Js_2026011812.png,japan_sea_low,jma_manual,20260118
Js_2026011912.png,japan_sea_low|front_passage,jma_manual,20260119
Js_2026012012.png,winter_pressure_pattern,jma_manual,20260120
Js_2026012112.png,winter_pressure_pattern,jma_manual,20260121
Js_2026012212.png,winter_pressure_pattern|japan_sea_low,jma_manual,20260122
Js_2026012312.png,winter_pressure_pattern|japan_sea_low,jma_manual,20260123
Js_2026012412.png,winter_pressure_pattern|japan_sea_low,jma_manual,20260124
Js_2026012512.png,winter_pressure_pattern,jma_manual,20260125
Js_2026012612.png,winter_pressure_pattern|japan_sea_low,jma_manual,20260126
Js_2026012712.png,futatsudama_low,jma_manual,20260127
Js_2026012812.png,japan_sea_low,jma_manual,20260128
Js_2026012912.png,winter_pressure_pattern|japan_sea_low,jma_manual,20260129
Js_2026013012.png,winter_pressure_pattern,jma_manual,20260130
Js_2026013112.png,winter_pressure_pattern,jma_manual,20260131
Js_2026020112.png,winter_pressure_pattern|japan_sea_low,jma_manual,20260201
Js_2026020212.png,winter_pressure_pattern,jma_manual,20260202
Js_2026020312.png,winter_pressure_pattern|migratory_high,jma_manual,20260203
Js_2026020412.png,migratory_high,jma_manual,20260204
Js_2026020512.png,japan_sea_low|stationary_front,jma_manual,20260205
Js_2026020612.png,winter_pressure_pattern|front_passage|stationary_front,jma_manual,20260206
Js_2026020712.png,winter_pressure_pattern|japan_sea_low,jma_manual,20260207
Js_2026020812.png,winter_pressure_pattern,jma_manual,20260208
Js_2026020912.png,winter_pressure_pattern|migratory_high,jma_manual,20260209
Js_2026021012.png,nankigan_low|japan_sea_low,jma_manual,20260210
Js_2026021112.png,winter_pressure_pattern,jma_manual,20260211
Js_2026021212.png,migratory_high,jma_manual,20260212
Js_2026021312.png,migratory_high,jma_manual,20260213
Js_2026021412.png,futatsudama_low,jma_manual,20260214
Js_2026021512.png,nankigan_low|front_passage,jma_manual,20260215
Js_2026021612.png,migratory_high|stationary_front,jma_manual,20260216
Js_2026021712.png,japan_sea_low,jma_manual,20260217
Js_2026021812.png,japan_sea_low|front_passage,jma_manual,20260218
Js_2026021912.png,migratory_high,jma_manual,20260219
Js_2026022012.png,migratory_high,jma_manual,20260220
Js_2026022112.png,migratory_high,jma_manual,20260221
Js_2026022212.png,japan_sea_low|front_passage,jma_manual,20260222
Js_2026022312.png,migratory_high|stationary_front,jma_manual,20260223
Js_2026022412.png,nankigan_low|stationary_front,jma_manual,20260224
Js_2026022512.png,nankigan_low|stationary_front,jma_manual,20260225
Js_2026022612.png,nankigan_low,jma_manual,20260226
Js_2026022712.png,nankigan_low|stationary_front,jma_manual,20260227
Js_2026022812.png,migratory_high,jma_manual,20260228
Js_2026030112.png,migratory_high,jma_manual,20260301
Js_2026030212.png,nankigan_low,jma_manual,20260302
Js_2026030312.png,futatsudama_low,jma_manual,20260303
Js_2026030412.png,futatsudama_low,jma_manual,20260304
Js_2026030512.png,japan_sea_low|migratory_high,jma_manual,20260305
Js_2026030612.png,japan_sea_low|front_passage,jma_manual,20260306
Js_2026030712.png,winter_pressure_pattern,jma_manual,20260307
Js_2026030812.png,winter_pressure_pattern,jma_manual,20260308
Js_2026030912.png,japan_sea_low,jma_manual,20260309
Js_2026031012.png,migratory_high,jma_manual,20260310
Js_2026031112.png,unclassified,jma_manual,20260311
Js_2026031212.png,migratory_high,jma_manual,20260312
Js_2026031312.png,nankigan_low|migratory_high,jma_manual,20260313
Js_2026031412.png,migratory_high,jma_manual,20260314
Js_2026031512.png,migratory_high,jma_manual,20260315
Js_2026031612.png,migratory_high,jma_manual,20260316
Js_2026031712.png,migratory_high,jma_manual,20260317
Js_2026031812.png,japan_sea_low|front_passage,jma_manual,20260318
Js_2026031912.png,japan_sea_low,jma_manual,20260319
Js_2026032012.png,japan_sea_low|front_passage,jma_manual,20260320
Js_2026032112.png,migratory_high|stationary_front,jma_manual,20260321
Js_2026032212.png,nankigan_low|front_passage,jma_manual,20260322
Js_2026032312.png,nankigan_low,jma_manual,20260323
Js_2026032412.png,migratory_high,jma_manual,20260324
Js_2026032512.png,nankigan_low,jma_manual,20260325
Js_2026032612.png,nankigan_low,jma_manual,20260326
Js_2026032712.png,japan_sea_low,jma_manual,20260327
Js_2026032812.png,migratory_high,jma_manual,20260328
Js_2026032912.png,migratory_high,jma_manual,20260329
Js_2026033012.png,japan_sea_low,jma_manual,20260330
Js_2026033112.png,front_passage,jma_manual,20260331
Js_2026040412.png,japan_sea_low|front_passage,jma_manual,20260404
Js_2026040512.png,migratory_high|okhotsk_high,jma_manual,20260405
Js_2026040612.png,japan_sea_low|okhotsk_high,jma_manual,20260406
Js_2026040712.png,migratory_high,jma_manual,20260407
Js_2026040812.png,migratory_high,jma_manual,20260408
Js_2026040912.png,japan_sea_low,jma_manual,20260409
Js_2026041012.png,japan_sea_low|front_passage,jma_manual,20260410
Js_2026041112.png,winter_pressure_pattern,jma_manual,20260411
Js_2026041212.png,migratory_high|stationary_front,jma_manual,20260412
Js_2026041312.png,migratory_high|stationary_front,jma_manual,20260413
Js_2026041412.png,nankigan_low|stationary_front,jma_manual,20260414
Js_2026041512.png,nankigan_low|okhotsk_high,jma_manual,20260415
Js_2026041612.png,migratory_high|okhotsk_high,jma_manual,20260416
Js_2026041712.png,migratory_high,jma_manual,20260417
Js_2026041812.png,migratory_high,jma_manual,20260418
Js_2026041912.png,migratory_high|okhotsk_high,jma_manual,20260419
Js_2026042012.png,japan_sea_low,jma_manual,20260420
Js_2026042112.png,pacific_high,jma_manual,20260421
Js_2026042212.png,nankigan_low,jma_manual,20260422
Js_2026042312.png,nankigan_low|okhotsk_high,jma_manual,20260423
Js_2026042412.png,nankigan_low|migratory_high|okhotsk_high,jma_manual,20260424
Js_2026042512.png,migratory_high,jma_manual,20260425
Js_2026042612.png,nankigan_low,jma_manual,20260426
Js_2026042712.png,nankigan_low,jma_manual,20260427
Js_2026042812.png,futatsudama_low,jma_manual,20260428
Js_2026042912.png,migratory_high,jma_manual,20260429
Js_2026043012.png,nankigan_low,jma_manual,20260430
Js_2023010100.png,winter_pressure_pattern|front_passage,jma_manual,2023010100
Js_2023010112.png,winter_pressure_pattern,jma_manual,2023010112
Js_2023010200.png,winter_pressure_pattern,jma_manual,2023010200
Js_2023010212.png,winter_pressure_pattern,jma_manual,2023010212
Js_2023010300.png,winter_pressure_pattern,jma_manual,2023010300
Js_2023010312.png,winter_pressure_pattern,jma_manual,2023010312
Js_2023010400.png,winter_pressure_pattern,jma_manual,2023010400
Js_2023010412.png,winter_pressure_pattern,jma_manual,2023010412
Js_2023010500.png,winter_pressure_pattern,jma_manual,2023010500
Js_2023010512.png,winter_pressure_pattern,jma_manual,2023010512
Js_2023010600.png,winter_pressure_pattern,jma_manual,2023010600
Js_2023010612.png,futatsudama_low,jma_manual,2023010612
Js_2023010700.png,futatsudama_low,jma_manual,2023010700
Js_2023010712.png,migratory_high,jma_manual,2023010712
Js_2023010800.png,migratory_high,jma_manual,2023010800
Js_2023010812.png,migratory_high,jma_manual,2023010812
Js_2023010900.png,japan_sea_low|migratory_high,jma_manual,2023010900
Js_2023010912.png,front_passage,jma_manual,2023010912
Js_2023011000.png,winter_pressure_pattern,jma_manual,2023011000
Js_2023011012.png,winter_pressure_pattern|migratory_high,jma_manual,2023011012
Js_2023011100.png,migratory_high,jma_manual,2023011100
Js_2023011112.png,migratory_high,jma_manual,2023011112
Js_2023011200.png,migratory_high,jma_manual,2023011200
Js_2023011212.png,migratory_high,jma_manual,2023011212
Js_2023011300.png,migratory_high|stationary_front,jma_manual,2023011300
Js_2023011312.png,japan_sea_low|front_passage,jma_manual,2023011312
Js_2023011400.png,japan_sea_low|front_passage|stationary_front,jma_manual,2023011400
Js_2023011412.png,stationary_front,jma_manual,2023011412
Js_2023011500.png,stationary_front,jma_manual,2023011500
Js_2023011512.png,nankigan_low|stationary_front,jma_manual,2023011512
Js_2023011600.png,nankigan_low|stationary_front,jma_manual,2023011600
Js_2023011612.png,winter_pressure_pattern,jma_manual,2023011612
Js_2023011700.png,migratory_high,jma_manual,2023011700
Js_2023011712.png,futatsudama_low|migratory_high,jma_manual,2023011712
Js_2023011800.png,migratory_high,jma_manual,2023011800
Js_2023011812.png,migratory_high,jma_manual,2023011812
Js_2023011900.png,japan_sea_low|migratory_high,jma_manual,2023011900
Js_2023011912.png,japan_sea_low|migratory_high,jma_manual,2023011912
Js_2023012000.png,japan_sea_low|front_passage,jma_manual,2023012000
Js_2023012012.png,japan_sea_low|front_passage,jma_manual,2023012012
Js_2023012100.png,winter_pressure_pattern|migratory_high,jma_manual,2023012100
Js_2023012112.png,winter_pressure_pattern|migratory_high,jma_manual,2023012112
Js_2023012200.png,migratory_high,jma_manual,2023012200
Js_2023012212.png,nankigan_low,jma_manual,2023012212
Js_2023012300.png,futatsudama_low|front_passage,jma_manual,2023012300
Js_2023012312.png,futatsudama_low|front_passage,jma_manual,2023012312
Js_2023012400.png,nankigan_low,jma_manual,2023012400
Js_2023012412.png,winter_pressure_pattern,jma_manual,2023012412
Js_2023012500.png,winter_pressure_pattern,jma_manual,2023012500
Js_2023012512.png,winter_pressure_pattern,jma_manual,2023012512
Js_2023012600.png,winter_pressure_pattern,jma_manual,2023012600
Js_2023012612.png,winter_pressure_pattern,jma_manual,2023012612
Js_2023012700.png,futatsudama_low,jma_manual,2023012700
Js_2023012712.png,nankigan_low,jma_manual,2023012712
Js_2023012800.png,winter_pressure_pattern|japan_sea_low,jma_manual,2023012800
Js_2023012812.png,winter_pressure_pattern|japan_sea_low,jma_manual,2023012812
Js_2023012900.png,winter_pressure_pattern,jma_manual,2023012900
Js_2023012912.png,japan_sea_low,jma_manual,2023012912
Js_2023013000.png,japan_sea_low,jma_manual,2023013000
Js_2023013012.png,winter_pressure_pattern,jma_manual,2023013012
Js_2023013100.png,winter_pressure_pattern|migratory_high,jma_manual,2023013100
Js_2023013112.png,japan_sea_low|migratory_high,jma_manual,2023013112
Js_2023020100.png,japan_sea_low|migratory_high|front_passage,jma_manual,2023020100
Js_2023020112.png,front_passage,jma_manual,2023020112
Js_2023020200.png,winter_pressure_pattern|stationary_front,jma_manual,2023020200
Js_2023020212.png,winter_pressure_pattern|stationary_front,jma_manual,2023020212
Js_2023020300.png,winter_pressure_pattern|stationary_front,jma_manual,2023020300
Js_2023020312.png,japan_sea_low,jma_manual,2023020312
Js_2023020400.png,japan_sea_low,jma_manual,2023020400
Js_2023020412.png,migratory_high,jma_manual,2023020412
Js_2023020500.png,migratory_high,jma_manual,2023020500
Js_2023020512.png,migratory_high|stationary_front,jma_manual,2023020512
Js_2023020600.png,migratory_high|stationary_front,jma_manual,2023020600
Js_2023020612.png,nankigan_low|stationary_front,jma_manual,2023020612
Js_2023020700.png,nankigan_low|stationary_front,jma_manual,2023020700
Js_2023020712.png,nankigan_low|stationary_front,jma_manual,2023020712
Js_2023020800.png,migratory_high,jma_manual,2023020800
Js_2023020812.png,migratory_high,jma_manual,2023020812
Js_2023020900.png,migratory_high,jma_manual,2023020900
Js_2023020912.png,nankigan_low|front_passage,jma_manual,2023020912
Js_2023021000.png,nankigan_low|migratory_high|front_passage,jma_manual,2023021000
Js_2023021012.png,nankigan_low|migratory_high|front_passage,jma_manual,2023021012
Js_2023021100.png,migratory_high,jma_manual,2023021100
Js_2023021112.png,migratory_high,jma_manual,2023021112
Js_2023021200.png,migratory_high,jma_manual,2023021200
Js_2023021212.png,nankigan_low|front_passage,jma_manual,2023021212
Js_2023021300.png,nankigan_low|front_passage,jma_manual,2023021300
Js_2023021312.png,nankigan_low|japan_sea_low,jma_manual,2023021312
Js_2023021400.png,japan_sea_low,jma_manual,2023021400
Js_2023021412.png,winter_pressure_pattern,jma_manual,2023021412
Js_2023021500.png,winter_pressure_pattern,jma_manual,2023021500
Js_2023021512.png,winter_pressure_pattern|migratory_high,jma_manual,2023021512
Js_2023021600.png,migratory_high,jma_manual,2023021600
Js_2023021612.png,migratory_high,jma_manual,2023021612
Js_2023021700.png,migratory_high,jma_manual,2023021700
Js_2023021712.png,migratory_high,jma_manual,2023021712
Js_2023021800.png,migratory_high,jma_manual,2023021800
Js_2023021812.png,japan_sea_low|stationary_front,jma_manual,2023021812
Js_2023021900.png,futatsudama_low|front_passage,jma_manual,2023021900
Js_2023021912.png,japan_sea_low,jma_manual,2023021912
Js_2023022000.png,winter_pressure_pattern,jma_manual,2023022000
Js_2023022012.png,winter_pressure_pattern,jma_manual,2023022012
Js_2023022100.png,winter_pressure_pattern,jma_manual,2023022100
Js_2023022112.png,winter_pressure_pattern|migratory_high,jma_manual,2023022112
Js_2023022200.png,migratory_high,jma_manual,2023022200
Js_2023022212.png,migratory_high,jma_manual,2023022212
Js_2023022300.png,migratory_high,jma_manual,2023022300
Js_2023022312.png,nankigan_low|front_passage,jma_manual,2023022312
Js_2023022400.png,stationary_front,jma_manual,2023022400
Js_2023022412.png,nankigan_low|japan_sea_low|front_passage,jma_manual,2023022412
Js_2023022500.png,winter_pressure_pattern,jma_manual,2023022500
Js_2023022512.png,winter_pressure_pattern,jma_manual,2023022512
Js_2023022600.png,winter_pressure_pattern,jma_manual,2023022600
Js_2023022612.png,migratory_high,jma_manual,2023022612
Js_2023022700.png,migratory_high,jma_manual,2023022700
Js_2023022712.png,migratory_high,jma_manual,2023022712
Js_2023022800.png,migratory_high,jma_manual,2023022800
Js_2023022812.png,japan_sea_low|front_passage,jma_manual,2023022812
Js_2023030100.png,front_passage,jma_manual,2023030100
Js_2023030112.png,japan_sea_low|front_passage,jma_manual,2023030112
Js_2023030200.png,front_passage,jma_manual,2023030200
Js_2023030212.png,winter_pressure_pattern,jma_manual,2023030212
Js_2023030300.png,migratory_high,jma_manual,2023030300
Js_2023030312.png,japan_sea_low|migratory_high,jma_manual,2023030312
Js_2023030400.png,migratory_high,jma_manual,2023030400
Js_2023030412.png,migratory_high,jma_manual,2023030412
Js_2023030500.png,migratory_high,jma_manual,2023030500
Js_2023030512.png,migratory_high,jma_manual,2023030512
Js_2023030600.png,migratory_high,jma_manual,2023030600
Js_2023030612.png,migratory_high,jma_manual,2023030612
Js_2023030700.png,migratory_high,jma_manual,2023030700
Js_2023030712.png,migratory_high,jma_manual,2023030712
Js_2023030800.png,migratory_high,jma_manual,2023030800
Js_2023030812.png,migratory_high,jma_manual,2023030812
Js_2023030900.png,migratory_high|okhotsk_high,jma_manual,2023030900
Js_2023030912.png,japan_sea_low|front_passage,jma_manual,2023030912
Js_2023031000.png,japan_sea_low|migratory_high|front_passage,jma_manual,2023031000
Js_2023031012.png,migratory_high,jma_manual,2023031012
Js_2023031100.png,migratory_high,jma_manual,2023031100
Js_2023031112.png,migratory_high,jma_manual,2023031112
Js_2023031200.png,japan_sea_low|front_passage,jma_manual,2023031200
Js_2023031212.png,japan_sea_low|front_passage,jma_manual,2023031212
Js_2023031300.png,japan_sea_low|front_passage,jma_manual,2023031300
Js_2023031312.png,migratory_high|front_passage,jma_manual,2023031312
Js_2023031400.png,migratory_high,jma_manual,2023031400
Js_2023031412.png,migratory_high,jma_manual,2023031412
Js_2023031500.png,migratory_high,jma_manual,2023031500
Js_2023031512.png,migratory_high,jma_manual,2023031512
Js_2023031600.png,migratory_high|front_passage,jma_manual,2023031600
Js_2023031612.png,migratory_high|front_passage,jma_manual,2023031612
Js_2023031700.png,migratory_high|stationary_front,jma_manual,2023031700
Js_2023031712.png,migratory_high|stationary_front,jma_manual,2023031712
Js_2023031800.png,nankigan_low|migratory_high|front_passage|stationary_front,jma_manual,2023031800
Js_2023031812.png,nankigan_low|front_passage,jma_manual,2023031812
Js_2023031900.png,migratory_high,jma_manual,2023031900
Js_2023031912.png,migratory_high,jma_manual,2023031912
Js_2023032000.png,migratory_high,jma_manual,2023032000
Js_2023032012.png,migratory_high,jma_manual,2023032012
Js_2023032100.png,stationary_front,jma_manual,2023032100
Js_2023032112.png,stationary_front,jma_manual,2023032112
Js_2023032200.png,stationary_front,jma_manual,2023032200
Js_2023032212.png,stationary_front,jma_manual,2023032212
Js_2023032300.png,front_passage,jma_manual,2023032300
Js_2023032312.png,japan_sea_low|front_passage,jma_manual,2023032312
Js_2023032400.png,front_passage|stationary_front,jma_manual,2023032400
Js_2023032412.png,nankigan_low|stationary_front,jma_manual,2023032412
Js_2023032500.png,nankigan_low|migratory_high|stationary_front,jma_manual,2023032500
Js_2023032512.png,nankigan_low|migratory_high|stationary_front,jma_manual,2023032512
Js_2023032600.png,nankigan_low|stationary_front,jma_manual,2023032600
Js_2023032612.png,nankigan_low|front_passage|stationary_front,jma_manual,2023032612
Js_2023032700.png,migratory_high,jma_manual,2023032700
Js_2023032712.png,migratory_high,jma_manual,2023032712
Js_2023032800.png,migratory_high,jma_manual,2023032800
Js_2023032812.png,migratory_high,jma_manual,2023032812
Js_2023032900.png,migratory_high,jma_manual,2023032900
Js_2023032912.png,migratory_high,jma_manual,2023032912
Js_2023033000.png,migratory_high,jma_manual,2023033000
Js_2023033012.png,migratory_high,jma_manual,2023033012
Js_2023033100.png,migratory_high,jma_manual,2023033100
Js_2023033112.png,migratory_high,jma_manual,2023033112
Js_2023040100.png,migratory_high,jma_manual,2023040100
Js_2023040112.png,migratory_high|okhotsk_high,jma_manual,2023040112
Js_2023040200.png,migratory_high|okhotsk_high,jma_manual,2023040200
Js_2023040212.png,migratory_high|okhotsk_high,jma_manual,2023040212
Js_2023040300.png,migratory_high|okhotsk_high,jma_manual,2023040300
Js_2023040312.png,migratory_high,jma_manual,2023040312
Js_2023040400.png,migratory_high|front_passage,jma_manual,2023040400
Js_2023040412.png,migratory_high,jma_manual,2023040412
Js_2023040500.png,migratory_high|front_passage,jma_manual,2023040500
Js_2023040512.png,japan_sea_low|migratory_high|front_passage,jma_manual,2023040512
Js_2023040600.png,japan_sea_low|front_passage,jma_manual,2023040600
Js_2023040612.png,japan_sea_low|front_passage,jma_manual,2023040612
Js_2023040700.png,japan_sea_low|front_passage|stationary_front,jma_manual,2023040700
Js_2023040712.png,front_passage|stationary_front,jma_manual,2023040712
Js_2023040800.png,migratory_high|stationary_front,jma_manual,2023040800
Js_2023040812.png,migratory_high,jma_manual,2023040812
Js_2023040900.png,migratory_high,jma_manual,2023040900
Js_2023040912.png,migratory_high,jma_manual,2023040912
Js_2023041000.png,migratory_high,jma_manual,2023041000
Js_2023041012.png,migratory_high,jma_manual,2023041012
Js_2023041100.png,migratory_high,jma_manual,2023041100
Js_2023041112.png,front_passage,jma_manual,2023041112
Js_2023041200.png,front_passage,jma_manual,2023041200
Js_2023041212.png,migratory_high,jma_manual,2023041212
Js_2023041300.png,migratory_high,jma_manual,2023041300
Js_2023041312.png,migratory_high,jma_manual,2023041312
Js_2023041400.png,migratory_high|stationary_front,jma_manual,2023041400
Js_2023041412.png,front_passage,jma_manual,2023041412
Js_2023041500.png,nankigan_low|front_passage,jma_manual,2023041500
Js_2023041512.png,futatsudama_low|front_passage,jma_manual,2023041512
Js_2023041600.png,futatsudama_low|front_passage,jma_manual,2023041600
Js_2023041612.png,winter_pressure_pattern,jma_manual,2023041612
Js_2023041700.png,winter_pressure_pattern|migratory_high,jma_manual,2023041700
Js_2023041712.png,migratory_high,jma_manual,2023041712
Js_2023041800.png,migratory_high|stationary_front,jma_manual,2023041800
Js_2023041812.png,japan_sea_low|stationary_front,jma_manual,2023041812
Js_2023041900.png,migratory_high|front_passage|stationary_front,jma_manual,2023041900
Js_2023041912.png,migratory_high|stationary_front,jma_manual,2023041912
Js_2023042000.png,stationary_front,jma_manual,2023042000
Js_2023042012.png,front_passage|stationary_front,jma_manual,2023042012
Js_2023042100.png,nankigan_low|front_passage|stationary_front,jma_manual,2023042100
Js_2023042112.png,nankigan_low|stationary_front,jma_manual,2023042112
Js_2023042200.png,nankigan_low|stationary_front,jma_manual,2023042200
Js_2023042212.png,nankigan_low|migratory_high|stationary_front,jma_manual,2023042212
Js_2023042300.png,migratory_high|stationary_front,jma_manual,2023042300
Js_2023042312.png,migratory_high|stationary_front,jma_manual,2023042312
Js_2023042400.png,migratory_high|stationary_front,jma_manual,2023042400
Js_2023042412.png,migratory_high|stationary_front,jma_manual,2023042412
Js_2023042500.png,migratory_high|stationary_front,jma_manual,2023042500
Js_2023042512.png,migratory_high|front_passage,jma_manual,2023042512
Js_2023042600.png,nankigan_low|front_passage,jma_manual,2023042600
Js_2023042612.png,nankigan_low|front_passage,jma_manual,2023042612
Js_2023042700.png,migratory_high,jma_manual,2023042700
Js_2023042712.png,migratory_high,jma_manual,2023042712
Js_2023042800.png,migratory_high,jma_manual,2023042800
Js_2023042812.png,migratory_high,jma_manual,2023042812
Js_2023042900.png,migratory_high|stationary_front,jma_manual,2023042900
Js_2023042912.png,japan_sea_low|front_passage,jma_manual,2023042912
Js_2023043000.png,japan_sea_low|front_passage|stationary_front,jma_manual,2023043000
Js_2023043012.png,japan_sea_low|front_passage|stationary_front,jma_manual,2023043012
Js_2023050100.png,migratory_high|stationary_front,jma_manual,2023050100
Js_2023050112.png,migratory_high,jma_manual,2023050112
Js_2023050200.png,migratory_high,jma_manual,2023050200
Js_2023050212.png,migratory_high,jma_manual,2023050212
Js_2023050300.png,migratory_high|okhotsk_high,jma_manual,2023050300
Js_2023050312.png,migratory_high,jma_manual,2023050312
Js_2023050400.png,migratory_high|stationary_front,jma_manual,2023050400
Js_2023050412.png,migratory_high|stationary_front,jma_manual,2023050412
Js_2023050500.png,migratory_high|front_passage,jma_manual,2023050500
Js_2023050512.png,japan_sea_low|migratory_high|stationary_front,jma_manual,2023050512
Js_2023050600.png,japan_sea_low|stationary_front,jma_manual,2023050600
Js_2023050612.png,stationary_front,jma_manual,2023050612
Js_2023050700.png,stationary_front,jma_manual,2023050700
Js_2023050712.png,nankigan_low|stationary_front|okhotsk_high,jma_manual,2023050712
Js_2023050800.png,nankigan_low|stationary_front,jma_manual,2023050800
Js_2023050812.png,migratory_high,jma_manual,2023050812
Js_2023050900.png,migratory_high,jma_manual,2023050900
Js_2023050912.png,migratory_high,jma_manual,2023050912
Js_2023051000.png,migratory_high,jma_manual,2023051000
Js_2023051012.png,migratory_high,jma_manual,2023051012
Js_2023051100.png,migratory_high,jma_manual,2023051100
Js_2023051112.png,migratory_high,jma_manual,2023051112
Js_2023051200.png,migratory_high,jma_manual,2023051200
Js_2023051212.png,migratory_high,jma_manual,2023051212
Js_2023051300.png,migratory_high,jma_manual,2023051300
Js_2023051312.png,migratory_high,jma_manual,2023051312
Js_2023051400.png,futatsudama_low,jma_manual,2023051400
Js_2023051412.png,futatsudama_low,jma_manual,2023051412
Js_2023051500.png,nankigan_low|migratory_high,jma_manual,2023051500
Js_2023051512.png,nankigan_low|migratory_high,jma_manual,2023051512
Js_2023051600.png,nankigan_low|migratory_high,jma_manual,2023051600
Js_2023051612.png,nankigan_low|migratory_high,jma_manual,2023051612
Js_2023051700.png,nankigan_low|migratory_high,jma_manual,2023051700
Js_2023051712.png,migratory_high|stationary_front,jma_manual,2023051712
Js_2023051800.png,migratory_high|stationary_front,jma_manual,2023051800
Js_2023051812.png,migratory_high|stationary_front,jma_manual,2023051812
Js_2023051900.png,nankigan_low|front_passage,jma_manual,2023051900
Js_2023051912.png,nankigan_low|front_passage|stationary_front|okhotsk_high,jma_manual,2023051912
Js_2023052000.png,nankigan_low|stationary_front|okhotsk_high,jma_manual,2023052000
Js_2023052012.png,nankigan_low|okhotsk_high,jma_manual,2023052012
Js_2023052100.png,japan_sea_low|migratory_high|front_passage,jma_manual,2023052100
Js_2023052112.png,japan_sea_low|migratory_high|front_passage,jma_manual,2023052112
Js_2023052200.png,front_passage|stationary_front,jma_manual,2023052200
Js_2023052212.png,nankigan_low|stationary_front,jma_manual,2023052212
Js_2023052300.png,nankigan_low|stationary_front|okhotsk_high,jma_manual,2023052300
Js_2023052312.png,migratory_high|okhotsk_high,jma_manual,2023052312
Js_2023052400.png,migratory_high|okhotsk_high,jma_manual,2023052400
Js_2023052412.png,migratory_high,jma_manual,2023052412
Js_2023052500.png,migratory_high,jma_manual,2023052500
Js_2023052512.png,migratory_high,jma_manual,2023052512
Js_2023052600.png,migratory_high,jma_manual,2023052600
Js_2023052612.png,migratory_high,jma_manual,2023052612
Js_2023052700.png,migratory_high|stationary_front,jma_manual,2023052700
Js_2023052712.png,migratory_high|stationary_front,jma_manual,2023052712
Js_2023052800.png,migratory_high|stationary_front,jma_manual,2023052800
Js_2023052812.png,front_passage|stationary_front,jma_manual,2023052812
Js_2023052900.png,typhoon|front_passage|stationary_front,jma_manual,2023052900
Js_2023052912.png,typhoon|stationary_front,jma_manual,2023052912
Js_2023053000.png,typhoon|stationary_front,jma_manual,2023053000
Js_2023053012.png,typhoon|migratory_high|stationary_front,jma_manual,2023053012
Js_2023053100.png,typhoon|migratory_high|stationary_front,jma_manual,2023053100
Js_2023053112.png,typhoon|migratory_high|stationary_front,jma_manual,2023053112
Js_2023060100.png,typhoon|migratory_high|stationary_front,jma_manual,2023060100
Js_2023060112.png,typhoon|stationary_front,jma_manual,2023060112
Js_2023060200.png,japan_sea_low|typhoon|stationary_front,jma_manual,2023060200
Js_2023060212.png,futatsudama_low|typhoon|front_passage|stationary_front,jma_manual,2023060212
Js_2023060300.png,nankigan_low|front_passage,jma_manual,2023060300
Js_2023060312.png,migratory_high,jma_manual,2023060312
Js_2023060400.png,migratory_high,jma_manual,2023060400
Js_2023060412.png,migratory_high,jma_manual,2023060412
Js_2023060500.png,migratory_high,jma_manual,2023060500
Js_2023060512.png,migratory_high|stationary_front,jma_manual,2023060512
Js_2023060600.png,stationary_front,jma_manual,2023060600
Js_2023060612.png,nankigan_low|stationary_front,jma_manual,2023060612
Js_2023060700.png,nankigan_low|migratory_high|stationary_front,jma_manual,2023060700
Js_2023060712.png,stationary_front,jma_manual,2023060712
Js_2023060800.png,stationary_front,jma_manual,2023060800
Js_2023060812.png,nankigan_low|stationary_front|okhotsk_high,jma_manual,2023060812
Js_2023060900.png,nankigan_low|stationary_front|okhotsk_high,jma_manual,2023060900
Js_2023060912.png,nankigan_low|typhoon|stationary_front,jma_manual,2023060912
Js_2023061000.png,typhoon|stationary_front,jma_manual,2023061000
Js_2023061012.png,typhoon|stationary_front,jma_manual,2023061012
Js_2023061100.png,typhoon|stationary_front,jma_manual,2023061100
Js_2023061112.png,typhoon,jma_manual,2023061112
Js_2023061200.png,typhoon,jma_manual,2023061200
Js_2023061212.png,nankigan_low|stationary_front,jma_manual,2023061212
Js_2023061300.png,nankigan_low|stationary_front,jma_manual,2023061300
Js_2023061312.png,nankigan_low|stationary_front,jma_manual,2023061312
Js_2023061400.png,nankigan_low|stationary_front,jma_manual,2023061400
Js_2023061412.png,nankigan_low|migratory_high|stationary_front,jma_manual,2023061412
Js_2023061500.png,nankigan_low|stationary_front,jma_manual,2023061500
Js_2023061512.png,nankigan_low|stationary_front,jma_manual,2023061512
Js_2023061600.png,nankigan_low|migratory_high|stationary_front,jma_manual,2023061600
Js_2023061612.png,nankigan_low|migratory_high|stationary_front,jma_manual,2023061612
Js_2023061700.png,migratory_high|stationary_front,jma_manual,2023061700
Js_2023061712.png,pacific_high|stationary_front,jma_manual,2023061712
Js_2023061800.png,nankigan_low|stationary_front,jma_manual,2023061800
Js_2023061812.png,nankigan_low|migratory_high|stationary_front,jma_manual,2023061812
Js_2023061900.png,migratory_high|stationary_front,jma_manual,2023061900
Js_2023061912.png,migratory_high|stationary_front,jma_manual,2023061912
Js_2023062000.png,migratory_high|stationary_front,jma_manual,2023062000
Js_2023062012.png,migratory_high|stationary_front,jma_manual,2023062012
Js_2023062100.png,stationary_front,jma_manual,2023062100
Js_2023062112.png,futatsudama_low|stationary_front,jma_manual,2023062112
Js_2023062200.png,futatsudama_low|stationary_front,jma_manual,2023062200
Js_2023062212.png,futatsudama_low|stationary_front|okhotsk_high,jma_manual,2023062212
Js_2023062300.png,japan_sea_low|stationary_front,jma_manual,2023062300
Js_2023062312.png,japan_sea_low|stationary_front|okhotsk_high,jma_manual,2023062312
Js_2023062400.png,japan_sea_low|stationary_front|okhotsk_high,jma_manual,2023062400
Js_2023062412.png,migratory_high|stationary_front|okhotsk_high,jma_manual,2023062412
Js_2023062500.png,migratory_high|stationary_front|okhotsk_high,jma_manual,2023062500
Js_2023062512.png,stationary_front,jma_manual,2023062512
Js_2023062600.png,stationary_front,jma_manual,2023062600
Js_2023062612.png,stationary_front,jma_manual,2023062612
Js_2023062700.png,pacific_high|stationary_front,jma_manual,2023062700
Js_2023062712.png,pacific_high,jma_manual,2023062712
Js_2023062800.png,pacific_high,jma_manual,2023062800
Js_2023062812.png,japan_sea_low|pacific_high,jma_manual,2023062812
Js_2023062900.png,japan_sea_low|pacific_high,jma_manual,2023062900
Js_2023062912.png,japan_sea_low|stationary_front,jma_manual,2023062912
Js_2023063000.png,japan_sea_low|front_passage,jma_manual,2023063000
Js_2023063012.png,japan_sea_low|front_passage,jma_manual,2023063012
Js_2023070100.png,stationary_front,jma_manual,2023070100
Js_2023070112.png,stationary_front,jma_manual,2023070112
Js_2023070200.png,japan_sea_low|stationary_front,jma_manual,2023070200
Js_2023070212.png,japan_sea_low|stationary_front,jma_manual,2023070212
Js_2023070300.png,migratory_high|stationary_front,jma_manual,2023070300
Js_2023070312.png,migratory_high|stationary_front,jma_manual,2023070312
Js_2023070400.png,migratory_high|stationary_front,jma_manual,2023070400
Js_2023070412.png,front_passage,jma_manual,2023070412
Js_2023070500.png,front_passage,jma_manual,2023070500
Js_2023070512.png,japan_sea_low|front_passage,jma_manual,2023070512
Js_2023070600.png,futatsudama_low|stationary_front,jma_manual,2023070600
Js_2023070612.png,stationary_front,jma_manual,2023070612
Js_2023070700.png,stationary_front,jma_manual,2023070700
Js_2023070712.png,stationary_front,jma_manual,2023070712
Js_2023070800.png,stationary_front,jma_manual,2023070800
Js_2023070812.png,stationary_front,jma_manual,2023070812
Js_2023070900.png,stationary_front,jma_manual,2023070900
Js_2023070912.png,stationary_front,jma_manual,2023070912
Js_2023071000.png,stationary_front,jma_manual,2023071000
Js_2023071012.png,pacific_high|stationary_front,jma_manual,2023071012
Js_2023071100.png,pacific_high|stationary_front,jma_manual,2023071100
Js_2023071112.png,pacific_high|stationary_front|okhotsk_high,jma_manual,2023071112
Js_2023071200.png,japan_sea_low|pacific_high|stationary_front,jma_manual,2023071200
Js_2023071212.png,pacific_high|front_passage,jma_manual,2023071212
Js_2023071300.png,pacific_high|stationary_front,jma_manual,2023071300
Js_2023071312.png,pacific_high|stationary_front,jma_manual,2023071312
Js_2023071400.png,pacific_high|stationary_front,jma_manual,2023071400
Js_2023071412.png,pacific_high|stationary_front,jma_manual,2023071412
Js_2023071500.png,pacific_high|stationary_front,jma_manual,2023071500
Js_2023071512.png,japan_sea_low|pacific_high|stationary_front,jma_manual,2023071512
Js_2023071600.png,japan_sea_low|pacific_high|stationary_front,jma_manual,2023071600
Js_2023071612.png,pacific_high|okhotsk_high,jma_manual,2023071612
Js_2023071700.png,pacific_high|okhotsk_high,jma_manual,2023071700
Js_2023071712.png,pacific_high|stationary_front|okhotsk_high,jma_manual,2023071712
Js_2023071800.png,pacific_high|stationary_front|okhotsk_high,jma_manual,2023071800
Js_2023071812.png,migratory_high|pacific_high|stationary_front|okhotsk_high,jma_manual,2023071812
Js_2023071900.png,japan_sea_low|pacific_high|stationary_front|okhotsk_high,jma_manual,2023071900
Js_2023071912.png,stationary_front|okhotsk_high,jma_manual,2023071912
Js_2023072000.png,migratory_high|front_passage|stationary_front,jma_manual,2023072000
Js_2023072012.png,migratory_high|stationary_front,jma_manual,2023072012
Js_2023072100.png,migratory_high|stationary_front|okhotsk_high,jma_manual,2023072100
Js_2023072112.png,migratory_high|stationary_front|okhotsk_high,jma_manual,2023072112
Js_2023072200.png,migratory_high|stationary_front|okhotsk_high,jma_manual,2023072200
Js_2023072212.png,migratory_high|stationary_front,jma_manual,2023072212
Js_2023072300.png,pacific_high,jma_manual,2023072300
Js_2023072312.png,pacific_high,jma_manual,2023072312
Js_2023072400.png,pacific_high,jma_manual,2023072400
Js_2023072412.png,pacific_high,jma_manual,2023072412
Js_2023072500.png,typhoon|pacific_high,jma_manual,2023072500
Js_2023072512.png,typhoon|pacific_high|okhotsk_high,jma_manual,2023072512
Js_2023072600.png,typhoon|pacific_high|okhotsk_high,jma_manual,2023072600
Js_2023072612.png,typhoon|pacific_high|okhotsk_high,jma_manual,2023072612
Js_2023072700.png,typhoon|pacific_high,jma_manual,2023072700
Js_2023072712.png,typhoon|pacific_high,jma_manual,2023072712
Js_2023072800.png,typhoon|pacific_high,jma_manual,2023072800
Js_2023072812.png,typhoon|pacific_high|okhotsk_high,jma_manual,2023072812
Js_2023072900.png,pacific_high|okhotsk_high,jma_manual,2023072900
Js_2023072912.png,pacific_high,jma_manual,2023072912
Js_2023073000.png,typhoon|pacific_high,jma_manual,2023073000
Js_2023073012.png,typhoon|pacific_high,jma_manual,2023073012
Js_2023073100.png,typhoon|pacific_high,jma_manual,2023073100
Js_2023073112.png,typhoon|migratory_high|pacific_high,jma_manual,2023073112
Js_2023080100.png,typhoon|migratory_high|pacific_high,jma_manual,2023080100
Js_2023080112.png,typhoon|migratory_high|pacific_high,jma_manual,2023080112
Js_2023080200.png,typhoon|migratory_high|pacific_high,jma_manual,2023080200
Js_2023080212.png,typhoon|pacific_high,jma_manual,2023080212
Js_2023080300.png,typhoon|pacific_high,jma_manual,2023080300
Js_2023080312.png,typhoon|stationary_front,jma_manual,2023080312
Js_2023080400.png,typhoon|stationary_front,jma_manual,2023080400
Js_2023080412.png,typhoon|stationary_front,jma_manual,2023080412
Js_2023080500.png,typhoon|stationary_front,jma_manual,2023080500
Js_2023080512.png,typhoon|stationary_front,jma_manual,2023080512
Js_2023080600.png,typhoon|stationary_front,jma_manual,2023080600
Js_2023080612.png,typhoon|pacific_high|stationary_front,jma_manual,2023080612
Js_2023080700.png,typhoon|pacific_high|stationary_front|okhotsk_high,jma_manual,2023080700
Js_2023080712.png,typhoon|pacific_high|stationary_front|okhotsk_high,jma_manual,2023080712
Js_2023080800.png,typhoon|pacific_high|stationary_front,jma_manual,2023080800
Js_2023080812.png,typhoon|pacific_high|stationary_front,jma_manual,2023080812
Js_2023080900.png,typhoon|pacific_high|stationary_front,jma_manual,2023080900
Js_2023080912.png,typhoon|pacific_high|stationary_front,jma_manual,2023080912
Js_2023081000.png,typhoon|pacific_high|stationary_front|okhotsk_high,jma_manual,2023081000
Js_2023081012.png,typhoon|pacific_high|front_passage|stationary_front,jma_manual,2023081012
Js_2023081100.png,typhoon|pacific_high|front_passage|stationary_front,jma_manual,2023081100
Js_2023081112.png,typhoon|stationary_front|okhotsk_high,jma_manual,2023081112
Js_2023081200.png,typhoon|stationary_front|okhotsk_high,jma_manual,2023081200
Js_2023081212.png,typhoon|okhotsk_high,jma_manual,2023081212
Js_2023081300.png,typhoon|okhotsk_high,jma_manual,2023081300
Js_2023081312.png,typhoon|stationary_front|okhotsk_high,jma_manual,2023081312
Js_2023081400.png,typhoon|stationary_front|okhotsk_high,jma_manual,2023081400
Js_2023081412.png,stationary_front|okhotsk_high,jma_manual,2023081412
Js_2023081500.png,typhoon|stationary_front|okhotsk_high,jma_manual,2023081500
Js_2023081512.png,typhoon|stationary_front,jma_manual,2023081512
Js_2023081600.png,typhoon,jma_manual,2023081600
Js_2023081612.png,typhoon,jma_manual,2023081612
Js_2023081700.png,typhoon,jma_manual,2023081700
Js_2023081712.png,japan_sea_low,jma_manual,2023081712
Js_2023081800.png,migratory_high,jma_manual,2023081800
Js_2023081812.png,migratory_high,jma_manual,2023081812
Js_2023081900.png,migratory_high|stationary_front|okhotsk_high,jma_manual,2023081900
Js_2023081912.png,migratory_high|stationary_front|okhotsk_high,jma_manual,2023081912
Js_2023082000.png,migratory_high|stationary_front,jma_manual,2023082000
Js_2023082012.png,migratory_high,jma_manual,2023082012
Js_2023082100.png,pacific_high,jma_manual,2023082100
Js_2023082112.png,okhotsk_high,jma_manual,2023082112
Js_2023082200.png,pacific_high|okhotsk_high,jma_manual,2023082200
Js_2023082212.png,pacific_high|okhotsk_high,jma_manual,2023082212
Js_2023082300.png,pacific_high,jma_manual,2023082300
Js_2023082312.png,pacific_high,jma_manual,2023082312
Js_2023082400.png,pacific_high,jma_manual,2023082400
Js_2023082412.png,typhoon|pacific_high,jma_manual,2023082412
Js_2023082500.png,typhoon|pacific_high,jma_manual,2023082500
Js_2023082512.png,japan_sea_low|typhoon|pacific_high,jma_manual,2023082512
Js_2023082600.png,japan_sea_low|typhoon|pacific_high,jma_manual,2023082600
Js_2023082612.png,typhoon|pacific_high,jma_manual,2023082612
Js_2023082700.png,typhoon|pacific_high,jma_manual,2023082700
Js_2023082712.png,typhoon,jma_manual,2023082712
Js_2023082800.png,typhoon,jma_manual,2023082800
Js_2023082812.png,typhoon,jma_manual,2023082812
Js_2023082900.png,migratory_high|okhotsk_high,jma_manual,2023082900
Js_2023082912.png,okhotsk_high,jma_manual,2023082912
Js_2023083000.png,typhoon|stationary_front|okhotsk_high,jma_manual,2023083000
Js_2023083012.png,japan_sea_low|typhoon|stationary_front|okhotsk_high,jma_manual,2023083012
Js_2023083100.png,japan_sea_low|typhoon|stationary_front,jma_manual,2023083100
Js_2023083112.png,japan_sea_low|typhoon|pacific_high|front_passage,jma_manual,2023083112
Js_2023090100.png,typhoon|pacific_high|stationary_front,jma_manual,2023090100
Js_2023090112.png,typhoon|pacific_high|stationary_front,jma_manual,2023090112
Js_2023090200.png,typhoon|stationary_front,jma_manual,2023090200
Js_2023090212.png,typhoon|migratory_high|stationary_front,jma_manual,2023090212
Js_2023090300.png,typhoon|pacific_high,jma_manual,2023090300
Js_2023090312.png,pacific_high,jma_manual,2023090312
Js_2023090400.png,okhotsk_high,jma_manual,2023090400
Js_2023090412.png,okhotsk_high,jma_manual,2023090412
Js_2023090500.png,nankigan_low,jma_manual,2023090500
Js_2023090512.png,nankigan_low|typhoon|stationary_front,jma_manual,2023090512
Js_2023090600.png,typhoon|front_passage|stationary_front,jma_manual,2023090600
Js_2023090612.png,typhoon|migratory_high|stationary_front,jma_manual,2023090612
Js_2023090700.png,typhoon|migratory_high|stationary_front,jma_manual,2023090700
Js_2023090712.png,typhoon|migratory_high,jma_manual,2023090712
Js_2023090800.png,typhoon|migratory_high,jma_manual,2023090800
Js_2023090812.png,nankigan_low|migratory_high,jma_manual,2023090812
Js_2023090900.png,japan_sea_low|migratory_high,jma_manual,2023090900
Js_2023090912.png,unclassified,jma_manual,2023090912
Js_2023091000.png,migratory_high,jma_manual,2023091000
Js_2023091012.png,pacific_high,jma_manual,2023091012
Js_2023091100.png,pacific_high,jma_manual,2023091100
Js_2023091112.png,japan_sea_low|pacific_high,jma_manual,2023091112
Js_2023091200.png,pacific_high,jma_manual,2023091200
Js_2023091212.png,pacific_high,jma_manual,2023091212
Js_2023091300.png,migratory_high|pacific_high,jma_manual,2023091300
Js_2023091312.png,migratory_high|stationary_front,jma_manual,2023091312
Js_2023091400.png,japan_sea_low|migratory_high|stationary_front,jma_manual,2023091400
Js_2023091412.png,migratory_high|stationary_front,jma_manual,2023091412
Js_2023091500.png,migratory_high|stationary_front,jma_manual,2023091500
Js_2023091512.png,migratory_high|stationary_front,jma_manual,2023091512
Js_2023091600.png,migratory_high|stationary_front,jma_manual,2023091600
Js_2023091612.png,migratory_high|stationary_front,jma_manual,2023091612
Js_2023091700.png,japan_sea_low|stationary_front,jma_manual,2023091700
Js_2023091712.png,japan_sea_low|stationary_front,jma_manual,2023091712
Js_2023091800.png,japan_sea_low|stationary_front,jma_manual,2023091800
Js_2023091812.png,okhotsk_high,jma_manual,2023091812
Js_2023091900.png,pacific_high,jma_manual,2023091900
Js_2023091912.png,pacific_high|front_passage,jma_manual,2023091912
Js_2023092000.png,front_passage,jma_manual,2023092000
Js_2023092012.png,front_passage|stationary_front,jma_manual,2023092012
Js_2023092100.png,japan_sea_low|front_passage|okhotsk_high,jma_manual,2023092100
Js_2023092112.png,front_passage|stationary_front,jma_manual,2023092112
Js_2023092200.png,migratory_high|front_passage|stationary_front,jma_manual,2023092200
Js_2023092212.png,migratory_high|stationary_front|okhotsk_high,jma_manual,2023092212
Js_2023092300.png,migratory_high|stationary_front,jma_manual,2023092300
Js_2023092312.png,migratory_high|stationary_front,jma_manual,2023092312
Js_2023092400.png,migratory_high|stationary_front,jma_manual,2023092400
Js_2023092412.png,migratory_high|stationary_front|okhotsk_high,jma_manual,2023092412
Js_2023092500.png,migratory_high|stationary_front|okhotsk_high,jma_manual,2023092500
Js_2023092512.png,migratory_high|okhotsk_high,jma_manual,2023092512
Js_2023092600.png,migratory_high,jma_manual,2023092600
Js_2023092612.png,japan_sea_low|okhotsk_high,jma_manual,2023092612
Js_2023092700.png,japan_sea_low|okhotsk_high,jma_manual,2023092700
Js_2023092712.png,japan_sea_low|okhotsk_high,jma_manual,2023092712
Js_2023092800.png,japan_sea_low|front_passage|okhotsk_high,jma_manual,2023092800
Js_2023092812.png,front_passage,jma_manual,2023092812
Js_2023092900.png,migratory_high,jma_manual,2023092900
Js_2023092912.png,migratory_high,jma_manual,2023092912
Js_2023093000.png,stationary_front,jma_manual,2023093000
Js_2023093012.png,futatsudama_low|stationary_front,jma_manual,2023093012
Js_2023100100.png,typhoon|front_passage,jma_manual,2023100100
Js_2023100112.png,winter_pressure_pattern|typhoon|stationary_front,jma_manual,2023100112
Js_2023100200.png,winter_pressure_pattern|typhoon|migratory_high,jma_manual,2023100200
Js_2023100212.png,typhoon|migratory_high,jma_manual,2023100212
Js_2023100300.png,typhoon|migratory_high|stationary_front,jma_manual,2023100300
Js_2023100312.png,typhoon|migratory_high|stationary_front,jma_manual,2023100312
Js_2023100400.png,typhoon|migratory_high|stationary_front,jma_manual,2023100400
Js_2023100412.png,futatsudama_low|typhoon|front_passage|stationary_front,jma_manual,2023100412
Js_2023100500.png,futatsudama_low|typhoon|front_passage|stationary_front,jma_manual,2023100500
Js_2023100512.png,winter_pressure_pattern|typhoon|stationary_front,jma_manual,2023100512
Js_2023100600.png,winter_pressure_pattern,jma_manual,2023100600
Js_2023100612.png,winter_pressure_pattern|stationary_front,jma_manual,2023100612
Js_2023100700.png,winter_pressure_pattern|migratory_high|stationary_front,jma_manual,2023100700
Js_2023100712.png,migratory_high|stationary_front,jma_manual,2023100712
Js_2023100800.png,migratory_high|stationary_front,jma_manual,2023100800
Js_2023100812.png,nankigan_low|migratory_high|stationary_front,jma_manual,2023100812
Js_2023100900.png,nankigan_low|migratory_high|stationary_front,jma_manual,2023100900
Js_2023100912.png,nankigan_low|migratory_high|stationary_front,jma_manual,2023100912
Js_2023101000.png,nankigan_low|front_passage,jma_manual,2023101000
Js_2023101012.png,migratory_high,jma_manual,2023101012
Js_2023101100.png,migratory_high,jma_manual,2023101100
Js_2023101112.png,migratory_high,jma_manual,2023101112
Js_2023101200.png,typhoon|migratory_high,jma_manual,2023101200
Js_2023101212.png,typhoon|migratory_high,jma_manual,2023101212
Js_2023101300.png,typhoon|migratory_high,jma_manual,2023101300
Js_2023101312.png,typhoon|migratory_high,jma_manual,2023101312
Js_2023101400.png,migratory_high,jma_manual,2023101400
Js_2023101412.png,nankigan_low|migratory_high|stationary_front,jma_manual,2023101412
Js_2023101500.png,nankigan_low|front_passage,jma_manual,2023101500
Js_2023101512.png,nankigan_low,jma_manual,2023101512
Js_2023101600.png,winter_pressure_pattern,jma_manual,2023101600
Js_2023101612.png,winter_pressure_pattern,jma_manual,2023101612
Js_2023101700.png,winter_pressure_pattern,jma_manual,2023101700
Js_2023101712.png,migratory_high,jma_manual,2023101712
Js_2023101800.png,migratory_high,jma_manual,2023101800
Js_2023101812.png,migratory_high,jma_manual,2023101812
Js_2023101900.png,migratory_high|front_passage,jma_manual,2023101900
Js_2023101912.png,front_passage|stationary_front,jma_manual,2023101912
Js_2023102000.png,japan_sea_low|front_passage,jma_manual,2023102000
Js_2023102012.png,winter_pressure_pattern|front_passage,jma_manual,2023102012
Js_2023102100.png,winter_pressure_pattern|stationary_front,jma_manual,2023102100
Js_2023102112.png,winter_pressure_pattern|migratory_high,jma_manual,2023102112
Js_2023102200.png,migratory_high,jma_manual,2023102200
Js_2023102212.png,migratory_high,jma_manual,2023102212
Js_2023102300.png,migratory_high,jma_manual,2023102300
Js_2023102312.png,migratory_high,jma_manual,2023102312
Js_2023102400.png,migratory_high,jma_manual,2023102400
Js_2023102412.png,migratory_high,jma_manual,2023102412
Js_2023102500.png,migratory_high,jma_manual,2023102500
Js_2023102512.png,migratory_high,jma_manual,2023102512
Js_2023102600.png,migratory_high,jma_manual,2023102600
Js_2023102612.png,front_passage,jma_manual,2023102612
Js_2023102700.png,front_passage,jma_manual,2023102700
Js_2023102712.png,front_passage,jma_manual,2023102712
Js_2023102800.png,futatsudama_low,jma_manual,2023102800
Js_2023102812.png,nankigan_low,jma_manual,2023102812
Js_2023102900.png,migratory_high,jma_manual,2023102900
Js_2023102912.png,migratory_high,jma_manual,2023102912
Js_2023103000.png,migratory_high,jma_manual,2023103000
Js_2023103012.png,migratory_high,jma_manual,2023103012
Js_2023103100.png,migratory_high,jma_manual,2023103100
Js_2023103112.png,migratory_high,jma_manual,2023103112
Js_2023110100.png,front_passage,jma_manual,2023110100
Js_2023110112.png,migratory_high|front_passage,jma_manual,2023110112
Js_2023110200.png,migratory_high,jma_manual,2023110200
Js_2023110212.png,migratory_high,jma_manual,2023110212
Js_2023110300.png,migratory_high|front_passage,jma_manual,2023110300
Js_2023110312.png,migratory_high|front_passage,jma_manual,2023110312
Js_2023110400.png,front_passage,jma_manual,2023110400
Js_2023110412.png,migratory_high|stationary_front,jma_manual,2023110412
Js_2023110500.png,migratory_high,jma_manual,2023110500
Js_2023110512.png,migratory_high,jma_manual,2023110512
Js_2023110600.png,japan_sea_low|front_passage,jma_manual,2023110600
Js_2023110612.png,japan_sea_low|front_passage,jma_manual,2023110612
Js_2023110700.png,japan_sea_low|front_passage,jma_manual,2023110700
Js_2023110712.png,winter_pressure_pattern|japan_sea_low,jma_manual,2023110712
Js_2023110800.png,migratory_high,jma_manual,2023110800
Js_2023110812.png,migratory_high,jma_manual,2023110812
Js_2023110900.png,japan_sea_low|migratory_high,jma_manual,2023110900
Js_2023110912.png,migratory_high,jma_manual,2023110912
Js_2023111000.png,nankigan_low|front_passage|stationary_front,jma_manual,2023111000
Js_2023111012.png,winter_pressure_pattern|nankigan_low|front_passage|stationary_front,jma_manual,2023111012
Js_2023111100.png,winter_pressure_pattern|stationary_front,jma_manual,2023111100
Js_2023111112.png,winter_pressure_pattern|stationary_front,jma_manual,2023111112
Js_2023111200.png,winter_pressure_pattern|stationary_front,jma_manual,2023111200
Js_2023111212.png,winter_pressure_pattern,jma_manual,2023111212
Js_2023111300.png,winter_pressure_pattern,jma_manual,2023111300
Js_2023111312.png,winter_pressure_pattern|migratory_high,jma_manual,2023111312
Js_2023111400.png,winter_pressure_pattern,jma_manual,2023111400
Js_2023111412.png,futatsudama_low,jma_manual,2023111412
Js_2023111500.png,futatsudama_low,jma_manual,2023111500
Js_2023111512.png,futatsudama_low,jma_manual,2023111512
Js_2023111600.png,migratory_high,jma_manual,2023111600
Js_2023111612.png,futatsudama_low,jma_manual,2023111612
Js_2023111700.png,futatsudama_low|front_passage,jma_manual,2023111700
Js_2023111712.png,winter_pressure_pattern|futatsudama_low,jma_manual,2023111712
Js_2023111800.png,winter_pressure_pattern,jma_manual,2023111800
Js_2023111812.png,winter_pressure_pattern,jma_manual,2023111812
Js_2023111900.png,winter_pressure_pattern,jma_manual,2023111900
Js_2023111912.png,japan_sea_low|front_passage,jma_manual,2023111912
Js_2023112000.png,winter_pressure_pattern|front_passage,jma_manual,2023112000
Js_2023112012.png,winter_pressure_pattern|migratory_high,jma_manual,2023112012
Js_2023112100.png,migratory_high,jma_manual,2023112100
Js_2023112112.png,migratory_high,jma_manual,2023112112
Js_2023112200.png,migratory_high,jma_manual,2023112200
Js_2023112212.png,migratory_high,jma_manual,2023112212
Js_2023112300.png,japan_sea_low|front_passage,jma_manual,2023112300
Js_2023112312.png,winter_pressure_pattern|front_passage,jma_manual,2023112312
Js_2023112400.png,winter_pressure_pattern|front_passage,jma_manual,2023112400
Js_2023112412.png,winter_pressure_pattern,jma_manual,2023112412
Js_2023112500.png,winter_pressure_pattern,jma_manual,2023112500
Js_2023112512.png,winter_pressure_pattern|migratory_high,jma_manual,2023112512
Js_2023112600.png,futatsudama_low,jma_manual,2023112600
Js_2023112612.png,futatsudama_low,jma_manual,2023112612
Js_2023112700.png,japan_sea_low,jma_manual,2023112700
Js_2023112712.png,japan_sea_low|front_passage,jma_manual,2023112712
Js_2023112800.png,japan_sea_low|front_passage,jma_manual,2023112800
Js_2023112812.png,winter_pressure_pattern,jma_manual,2023112812
Js_2023112900.png,winter_pressure_pattern|migratory_high,jma_manual,2023112900
Js_2023112912.png,winter_pressure_pattern|migratory_high,jma_manual,2023112912
Js_2023113000.png,winter_pressure_pattern,jma_manual,2023113000
Js_2023113012.png,winter_pressure_pattern,jma_manual,2023113012
Js_2023120100.png,winter_pressure_pattern,jma_manual,2023120100
Js_2023120112.png,winter_pressure_pattern,jma_manual,2023120112
Js_2023120200.png,winter_pressure_pattern|migratory_high,jma_manual,2023120200
Js_2023120212.png,japan_sea_low,jma_manual,2023120212
Js_2023120300.png,japan_sea_low,jma_manual,2023120300
Js_2023120312.png,migratory_high,jma_manual,2023120312
Js_2023120400.png,migratory_high,jma_manual,2023120400
Js_2023120412.png,migratory_high,jma_manual,2023120412
Js_2023120500.png,nankigan_low|migratory_high,jma_manual,2023120500
Js_2023120512.png,nankigan_low,jma_manual,2023120512
Js_2023120600.png,nankigan_low,jma_manual,2023120600
Js_2023120612.png,japan_sea_low|front_passage,jma_manual,2023120612
Js_2023120700.png,japan_sea_low|front_passage,jma_manual,2023120700
Js_2023120712.png,winter_pressure_pattern|migratory_high,jma_manual,2023120712
Js_2023120800.png,winter_pressure_pattern|migratory_high,jma_manual,2023120800
Js_2023120812.png,migratory_high,jma_manual,2023120812
Js_2023120900.png,japan_sea_low|migratory_high|front_passage,jma_manual,2023120900
Js_2023120912.png,migratory_high|front_passage,jma_manual,2023120912
Js_2023121000.png,winter_pressure_pattern|front_passage,jma_manual,2023121000
Js_2023121012.png,winter_pressure_pattern,jma_manual,2023121012
Js_2023121100.png,winter_pressure_pattern|front_passage,jma_manual,2023121100
Js_2023121112.png,japan_sea_low|front_passage,jma_manual,2023121112
Js_2023121200.png,front_passage,jma_manual,2023121200
Js_2023121212.png,winter_pressure_pattern,jma_manual,2023121212
Js_2023121300.png,winter_pressure_pattern,jma_manual,2023121300
Js_2023121312.png,winter_pressure_pattern,jma_manual,2023121312
Js_2023121400.png,winter_pressure_pattern|migratory_high,jma_manual,2023121400
Js_2023121412.png,winter_pressure_pattern|migratory_high|stationary_front,jma_manual,2023121412
Js_2023121500.png,japan_sea_low|front_passage,jma_manual,2023121500
Js_2023121512.png,front_passage,jma_manual,2023121512
Js_2023121600.png,japan_sea_low|front_passage,jma_manual,2023121600
Js_2023121612.png,winter_pressure_pattern|japan_sea_low|front_passage,jma_manual,2023121612
Js_2023121700.png,winter_pressure_pattern,jma_manual,2023121700
Js_2023121712.png,winter_pressure_pattern,jma_manual,2023121712
Js_2023121800.png,winter_pressure_pattern,jma_manual,2023121800
Js_2023121812.png,winter_pressure_pattern|migratory_high,jma_manual,2023121812
Js_2023121900.png,nankigan_low|front_passage,jma_manual,2023121900
Js_2023121912.png,futatsudama_low|front_passage,jma_manual,2023121912
Js_2023122000.png,nankigan_low|japan_sea_low,jma_manual,2023122000
Js_2023122012.png,futatsudama_low,jma_manual,2023122012
Js_2023122100.png,winter_pressure_pattern,jma_manual,2023122100
Js_2023122112.png,winter_pressure_pattern,jma_manual,2023122112
Js_2023122200.png,winter_pressure_pattern,jma_manual,2023122200
Js_2023122212.png,winter_pressure_pattern,jma_manual,2023122212
Js_2023122300.png,winter_pressure_pattern,jma_manual,2023122300
Js_2023122312.png,winter_pressure_pattern,jma_manual,2023122312
Js_2023122400.png,japan_sea_low,jma_manual,2023122400
Js_2023122412.png,futatsudama_low,jma_manual,2023122412
Js_2023122500.png,japan_sea_low,jma_manual,2023122500
Js_2023122512.png,japan_sea_low,jma_manual,2023122512
Js_2023122600.png,japan_sea_low|front_passage,jma_manual,2023122600
Js_2023122612.png,front_passage,jma_manual,2023122612
Js_2023122700.png,winter_pressure_pattern,jma_manual,2023122700
Js_2023122712.png,migratory_high,jma_manual,2023122712
Js_2023122800.png,migratory_high,jma_manual,2023122800
Js_2023122812.png,japan_sea_low,jma_manual,2023122812
Js_2023122900.png,migratory_high,jma_manual,2023122900
Js_2023122912.png,migratory_high,jma_manual,2023122912
Js_2023123000.png,japan_sea_low,jma_manual,2023123000
Js_2023123012.png,futatsudama_low|front_passage,jma_manual,2023123012
Js_2023123100.png,futatsudama_low|front_passage,jma_manual,2023123100
Js_2023123112.png,nankigan_low|front_passage,jma_manual,2023123112
Js_2024010100.png,migratory_high,jma_manual,2024010100
Js_2024010112.png,migratory_high,jma_manual,2024010112
Js_2024010200.png,migratory_high,jma_manual,2024010200
Js_2024010212.png,winter_pressure_pattern,jma_manual,2024010212
Js_2024010300.png,futatsudama_low,jma_manual,2024010300
Js_2024010312.png,futatsudama_low,jma_manual,2024010312
Js_2024010400.png,nankigan_low|okhotsk_high,jma_manual,2024010400
Js_2024010412.png,migratory_high,jma_manual,2024010412
Js_2024010500.png,japan_sea_low|migratory_high|front_passage,jma_manual,2024010500
Js_2024010512.png,migratory_high|front_passage,jma_manual,2024010512
Js_2024010600.png,japan_sea_low|migratory_high,jma_manual,2024010600
Js_2024010612.png,japan_sea_low,jma_manual,2024010612
Js_2024010700.png,japan_sea_low|front_passage,jma_manual,2024010700
Js_2024010712.png,winter_pressure_pattern,jma_manual,2024010712
Js_2024010800.png,winter_pressure_pattern,jma_manual,2024010800
Js_2024010812.png,migratory_high,jma_manual,2024010812
Js_2024010900.png,japan_sea_low|stationary_front,jma_manual,2024010900
Js_2024010912.png,winter_pressure_pattern,jma_manual,2024010912
Js_2024011000.png,nankigan_low,jma_manual,2024011000
Js_2024011012.png,migratory_high,jma_manual,2024011012
Js_2024011100.png,migratory_high,jma_manual,2024011100
Js_2024011112.png,japan_sea_low|front_passage,jma_manual,2024011112
Js_2024011200.png,front_passage,jma_manual,2024011200
Js_2024011212.png,front_passage,jma_manual,2024011212
Js_2024011300.png,migratory_high,jma_manual,2024011300
Js_2024011312.png,migratory_high,jma_manual,2024011312
Js_2024011400.png,japan_sea_low|migratory_high,jma_manual,2024011400
Js_2024011412.png,japan_sea_low|front_passage,jma_manual,2024011412
Js_2024011500.png,winter_pressure_pattern|front_passage,jma_manual,2024011500
Js_2024011512.png,winter_pressure_pattern,jma_manual,2024011512
Js_2024011600.png,winter_pressure_pattern|migratory_high,jma_manual,2024011600
Js_2024011612.png,migratory_high,jma_manual,2024011612
Js_2024011700.png,migratory_high,jma_manual,2024011700
Js_2024011712.png,migratory_high|stationary_front,jma_manual,2024011712
Js_2024011800.png,migratory_high|stationary_front,jma_manual,2024011800
Js_2024011812.png,stationary_front,jma_manual,2024011812
Js_2024011900.png,stationary_front,jma_manual,2024011900
Js_2024011912.png,migratory_high,jma_manual,2024011912
Js_2024012000.png,stationary_front,jma_manual,2024012000
Js_2024012012.png,nankigan_low|front_passage,jma_manual,2024012012
Js_2024012100.png,nankigan_low|front_passage,jma_manual,2024012100
Js_2024012112.png,futatsudama_low|front_passage,jma_manual,2024012112
Js_2024012200.png,japan_sea_low,jma_manual,2024012200
Js_2024012212.png,japan_sea_low,jma_manual,2024012212
Js_2024012300.png,futatsudama_low|front_passage,jma_manual,2024012300
Js_2024012312.png,winter_pressure_pattern|japan_sea_low,jma_manual,2024012312
Js_2024012400.png,winter_pressure_pattern|japan_sea_low,jma_manual,2024012400
Js_2024012412.png,winter_pressure_pattern,jma_manual,2024012412
Js_2024012500.png,winter_pressure_pattern,jma_manual,2024012500
Js_2024012512.png,winter_pressure_pattern,jma_manual,2024012512
Js_2024012600.png,winter_pressure_pattern,jma_manual,2024012600
Js_2024012612.png,winter_pressure_pattern,jma_manual,2024012612
Js_2024012700.png,winter_pressure_pattern,jma_manual,2024012700
Js_2024012712.png,winter_pressure_pattern,jma_manual,2024012712
Js_2024012800.png,winter_pressure_pattern,jma_manual,2024012800
Js_2024012812.png,migratory_high,jma_manual,2024012812
Js_2024012900.png,migratory_high,jma_manual,2024012900
Js_2024012912.png,migratory_high,jma_manual,2024012912
Js_2024013000.png,migratory_high,jma_manual,2024013000
Js_2024013012.png,stationary_front,jma_manual,2024013012
Js_2024013100.png,stationary_front,jma_manual,2024013100
Js_2024013112.png,nankigan_low|japan_sea_low|front_passage|stationary_front,jma_manual,2024013112
Js_2024020100.png,winter_pressure_pattern|stationary_front,jma_manual,2024020100
Js_2024020112.png,winter_pressure_pattern|nankigan_low|stationary_front,jma_manual,2024020112
Js_2024020200.png,winter_pressure_pattern|stationary_front,jma_manual,2024020200
Js_2024020212.png,winter_pressure_pattern,jma_manual,2024020212
Js_2024020300.png,winter_pressure_pattern|stationary_front,jma_manual,2024020300
Js_2024020312.png,winter_pressure_pattern|nankigan_low|stationary_front,jma_manual,2024020312
Js_2024020400.png,winter_pressure_pattern|nankigan_low|stationary_front,jma_manual,2024020400
Js_2024020412.png,front_passage,jma_manual,2024020412
Js_2024020500.png,nankigan_low|front_passage,jma_manual,2024020500
Js_2024020512.png,nankigan_low|front_passage,jma_manual,2024020512
Js_2024020600.png,migratory_high,jma_manual,2024020600
Js_2024020612.png,migratory_high,jma_manual,2024020612
Js_2024020700.png,migratory_high,jma_manual,2024020700
Js_2024020712.png,migratory_high,jma_manual,2024020712
Js_2024020800.png,migratory_high,jma_manual,2024020800
Js_2024020812.png,migratory_high,jma_manual,2024020812
Js_2024020900.png,migratory_high,jma_manual,2024020900
Js_2024020912.png,japan_sea_low|migratory_high,jma_manual,2024020912
Js_2024021000.png,japan_sea_low|migratory_high,jma_manual,2024021000
Js_2024021012.png,japan_sea_low,jma_manual,2024021012
Js_2024021100.png,japan_sea_low,jma_manual,2024021100
Js_2024021112.png,japan_sea_low,jma_manual,2024021112
Js_2024021200.png,migratory_high,jma_manual,2024021200
Js_2024021212.png,migratory_high,jma_manual,2024021212
Js_2024021300.png,migratory_high,jma_manual,2024021300
Js_2024021312.png,migratory_high,jma_manual,2024021312
Js_2024021400.png,migratory_high,jma_manual,2024021400
Js_2024021412.png,japan_sea_low|migratory_high,jma_manual,2024021412
Js_2024021500.png,japan_sea_low|stationary_front,jma_manual,2024021500
Js_2024021512.png,front_passage,jma_manual,2024021512
Js_2024021600.png,migratory_high,jma_manual,2024021600
Js_2024021612.png,migratory_high,jma_manual,2024021612
Js_2024021700.png,migratory_high,jma_manual,2024021700
Js_2024021712.png,migratory_high,jma_manual,2024021712
Js_2024021800.png,migratory_high,jma_manual,2024021800
Js_2024021812.png,migratory_high,jma_manual,2024021812
Js_2024021900.png,migratory_high,jma_manual,2024021900
Js_2024021912.png,front_passage,jma_manual,2024021912
Js_2024022000.png,front_passage|stationary_front,jma_manual,2024022000
Js_2024022012.png,stationary_front,jma_manual,2024022012
Js_2024022100.png,migratory_high|stationary_front,jma_manual,2024022100
Js_2024022112.png,stationary_front,jma_manual,2024022112
Js_2024022200.png,stationary_front,jma_manual,2024022200
Js_2024022212.png,stationary_front,jma_manual,2024022212
Js_2024022300.png,migratory_high|stationary_front,jma_manual,2024022300
Js_2024022312.png,migratory_high,jma_manual,2024022312
Js_2024022400.png,migratory_high,jma_manual,2024022400
Js_2024022412.png,migratory_high,jma_manual,2024022412
Js_2024022500.png,nankigan_low|migratory_high,jma_manual,2024022500
Js_2024022512.png,nankigan_low|okhotsk_high,jma_manual,2024022512
Js_2024022600.png,nankigan_low|okhotsk_high,jma_manual,2024022600
Js_2024022612.png,nankigan_low,jma_manual,2024022612
Js_2024022700.png,nankigan_low,jma_manual,2024022700
Js_2024022712.png,nankigan_low,jma_manual,2024022712
Js_2024022800.png,migratory_high,jma_manual,2024022800
Js_2024022812.png,migratory_high,jma_manual,2024022812
Js_2024022900.png,migratory_high|front_passage,jma_manual,2024022900
Js_2024022912.png,nankigan_low|front_passage,jma_manual,2024022912
Js_2024030100.png,futatsudama_low|front_passage,jma_manual,2024030100
Js_2024030112.png,futatsudama_low,jma_manual,2024030112
Js_2024030200.png,japan_sea_low|migratory_high,jma_manual,2024030200
Js_2024030212.png,japan_sea_low|migratory_high,jma_manual,2024030212
Js_2024030300.png,japan_sea_low|migratory_high|front_passage,jma_manual,2024030300
Js_2024030312.png,migratory_high|front_passage,jma_manual,2024030312
Js_2024030400.png,migratory_high,jma_manual,2024030400
Js_2024030412.png,migratory_high|stationary_front,jma_manual,2024030412
Js_2024030500.png,migratory_high|stationary_front,jma_manual,2024030500
Js_2024030512.png,nankigan_low|front_passage,jma_manual,2024030512
Js_2024030600.png,nankigan_low|front_passage,jma_manual,2024030600
Js_2024030612.png,migratory_high,jma_manual,2024030612
Js_2024030700.png,migratory_high,jma_manual,2024030700
Js_2024030712.png,migratory_high,jma_manual,2024030712
Js_2024030800.png,nankigan_low|japan_sea_low,jma_manual,2024030800
Js_2024030812.png,nankigan_low|japan_sea_low,jma_manual,2024030812
Js_2024030900.png,winter_pressure_pattern,jma_manual,2024030900
Js_2024030912.png,migratory_high,jma_manual,2024030912
Js_2024031000.png,migratory_high,jma_manual,2024031000
Js_2024031012.png,migratory_high,jma_manual,2024031012
Js_2024031100.png,migratory_high,jma_manual,2024031100
Js_2024031112.png,migratory_high|front_passage,jma_manual,2024031112
Js_2024031200.png,nankigan_low|front_passage,jma_manual,2024031200
Js_2024031212.png,nankigan_low,jma_manual,2024031212
Js_2024031300.png,winter_pressure_pattern,jma_manual,2024031300
Js_2024031312.png,winter_pressure_pattern|migratory_high,jma_manual,2024031312
Js_2024031400.png,migratory_high,jma_manual,2024031400
Js_2024031412.png,migratory_high,jma_manual,2024031412
Js_2024031500.png,migratory_high,jma_manual,2024031500
Js_2024031512.png,winter_pressure_pattern,jma_manual,2024031512
Js_2024031600.png,migratory_high,jma_manual,2024031600
Js_2024031612.png,migratory_high,jma_manual,2024031612
Js_2024031700.png,japan_sea_low|front_passage,jma_manual,2024031700
Js_2024031712.png,futatsudama_low|front_passage,jma_manual,2024031712
Js_2024031800.png,winter_pressure_pattern,jma_manual,2024031800
Js_2024031812.png,winter_pressure_pattern|migratory_high|stationary_front,jma_manual,2024031812
Js_2024031900.png,japan_sea_low|migratory_high|stationary_front,jma_manual,2024031900
Js_2024031912.png,futatsudama_low,jma_manual,2024031912
Js_2024032000.png,japan_sea_low,jma_manual,2024032000
Js_2024032012.png,nankigan_low,jma_manual,2024032012
Js_2024032100.png,nankigan_low|migratory_high,jma_manual,2024032100
Js_2024032112.png,migratory_high,jma_manual,2024032112
Js_2024032200.png,migratory_high,jma_manual,2024032200
Js_2024032212.png,migratory_high,jma_manual,2024032212
Js_2024032300.png,japan_sea_low|migratory_high,jma_manual,2024032300
Js_2024032312.png,migratory_high|stationary_front,jma_manual,2024032312
Js_2024032400.png,stationary_front,jma_manual,2024032400
Js_2024032412.png,migratory_high|stationary_front,jma_manual,2024032412
Js_2024032500.png,nankigan_low|migratory_high|stationary_front,jma_manual,2024032500
Js_2024032512.png,migratory_high|stationary_front,jma_manual,2024032512
Js_2024032600.png,nankigan_low|front_passage,jma_manual,2024032600
Js_2024032612.png,nankigan_low|migratory_high|front_passage,jma_manual,2024032612
Js_2024032700.png,migratory_high,jma_manual,2024032700
Js_2024032712.png,migratory_high,jma_manual,2024032712
Js_2024032800.png,migratory_high|stationary_front,jma_manual,2024032800
Js_2024032812.png,migratory_high|front_passage,jma_manual,2024032812
Js_2024032900.png,japan_sea_low|front_passage,jma_manual,2024032900
Js_2024032912.png,japan_sea_low|front_passage|stationary_front,jma_manual,2024032912
Js_2024033000.png,winter_pressure_pattern|japan_sea_low|stationary_front,jma_manual,2024033000
Js_2024033012.png,winter_pressure_pattern|stationary_front,jma_manual,2024033012
Js_2024033100.png,winter_pressure_pattern|stationary_front,jma_manual,2024033100
Js_2024033112.png,winter_pressure_pattern|nankigan_low|front_passage,jma_manual,2024033112
Js_2024040100.png,winter_pressure_pattern|nankigan_low|migratory_high,jma_manual,2024040100
Js_2024040112.png,winter_pressure_pattern|migratory_high,jma_manual,2024040112
Js_2024040200.png,migratory_high,jma_manual,2024040200
Js_2024040212.png,migratory_high|stationary_front,jma_manual,2024040212
Js_2024040300.png,front_passage,jma_manual,2024040300
Js_2024040312.png,nankigan_low|front_passage,jma_manual,2024040312
Js_2024040400.png,nankigan_low|front_passage|stationary_front,jma_manual,2024040400
Js_2024040412.png,migratory_high|front_passage|stationary_front,jma_manual,2024040412
Js_2024040500.png,migratory_high|stationary_front,jma_manual,2024040500
Js_2024040512.png,migratory_high|stationary_front,jma_manual,2024040512
Js_2024040600.png,migratory_high|stationary_front,jma_manual,2024040600
Js_2024040612.png,migratory_high|stationary_front,jma_manual,2024040612
Js_2024040700.png,migratory_high|stationary_front,jma_manual,2024040700
Js_2024040712.png,migratory_high|stationary_front,jma_manual,2024040712
Js_2024040800.png,migratory_high|stationary_front,jma_manual,2024040800
Js_2024040812.png,nankigan_low|front_passage,jma_manual,2024040812
Js_2024040900.png,nankigan_low|front_passage,jma_manual,2024040900
Js_2024040912.png,migratory_high,jma_manual,2024040912
Js_2024041000.png,migratory_high,jma_manual,2024041000
Js_2024041012.png,migratory_high,jma_manual,2024041012
Js_2024041100.png,migratory_high,jma_manual,2024041100
Js_2024041112.png,migratory_high,jma_manual,2024041112
Js_2024041200.png,migratory_high,jma_manual,2024041200
Js_2024041212.png,migratory_high,jma_manual,2024041212
Js_2024041300.png,migratory_high,jma_manual,2024041300
Js_2024041312.png,migratory_high,jma_manual,2024041312
Js_2024041400.png,migratory_high|stationary_front,jma_manual,2024041400
Js_2024041412.png,migratory_high|stationary_front|okhotsk_high,jma_manual,2024041412
Js_2024041500.png,migratory_high|stationary_front|okhotsk_high,jma_manual,2024041500
Js_2024041512.png,migratory_high|stationary_front|okhotsk_high,jma_manual,2024041512
Js_2024041600.png,japan_sea_low|migratory_high,jma_manual,2024041600
Js_2024041612.png,japan_sea_low,jma_manual,2024041612
Js_2024041700.png,nankigan_low|japan_sea_low|stationary_front,jma_manual,2024041700
Js_2024041712.png,migratory_high|front_passage,jma_manual,2024041712
Js_2024041800.png,nankigan_low|migratory_high|front_passage,jma_manual,2024041800
Js_2024041812.png,nankigan_low,jma_manual,2024041812
Js_2024041900.png,nankigan_low|migratory_high,jma_manual,2024041900
Js_2024041912.png,nankigan_low|migratory_high,jma_manual,2024041912
Js_2024042000.png,nankigan_low|migratory_high|front_passage,jma_manual,2024042000
Js_2024042012.png,migratory_high|front_passage,jma_manual,2024042012
Js_2024042100.png,stationary_front,jma_manual,2024042100
Js_2024042112.png,nankigan_low|stationary_front,jma_manual,2024042112
Js_2024042200.png,nankigan_low|stationary_front,jma_manual,2024042200
Js_2024042212.png,nankigan_low|stationary_front|okhotsk_high,jma_manual,2024042212
Js_2024042300.png,nankigan_low|stationary_front|okhotsk_high,jma_manual,2024042300
Js_2024042312.png,nankigan_low|stationary_front|okhotsk_high,jma_manual,2024042312
Js_2024042400.png,futatsudama_low|front_passage|stationary_front|okhotsk_high,jma_manual,2024042400
Js_2024042412.png,futatsudama_low|migratory_high|front_passage|stationary_front,jma_manual,2024042412
Js_2024042500.png,futatsudama_low|migratory_high|front_passage|stationary_front,jma_manual,2024042500
Js_2024042512.png,migratory_high|stationary_front,jma_manual,2024042512
Js_2024042600.png,migratory_high|stationary_front,jma_manual,2024042600
Js_2024042612.png,migratory_high|stationary_front,jma_manual,2024042612
Js_2024042700.png,nankigan_low|migratory_high|stationary_front,jma_manual,2024042700
Js_2024042712.png,nankigan_low|stationary_front,jma_manual,2024042712
Js_2024042800.png,migratory_high,jma_manual,2024042800
Js_2024042812.png,migratory_high|stationary_front,jma_manual,2024042812
Js_2024042900.png,migratory_high|front_passage,jma_manual,2024042900
Js_2024042912.png,migratory_high|front_passage|okhotsk_high,jma_manual,2024042912
Js_2024043000.png,futatsudama_low|front_passage|stationary_front,jma_manual,2024043000
Js_2024043012.png,front_passage|stationary_front,jma_manual,2024043012
